Date,Open,High,Low,Close,Adj Close,Volume,Return,MA5,MA10,MA20,Vol_MA5,Target
2022-01-03,100.5,100.64,99.85,99.97,99.97,2761514,0.0,97.538,96.539,97.7855,2124315.8,1
2022-01-04,101.12,101.71,100.59,100.79,100.79,2120981,0.008202460738221617,97.538,96.539,97.7855,2124315.8,0
2022-01-05,98.11,98.66,97.11,97.57,97.57,2157123,-0.031947613850580536,97.538,96.539,97.7855,2124315.8,0
2022-01-06,95.14,95.74,94.57,95.17,95.17,1727808,-0.024597724710464175,97.538,96.539,97.7855,2124315.8,0
2022-01-07,94.13,94.48,93.57,94.19,94.19,1854153,-0.010297362614269279,97.538,96.539,97.7855,2124315.8,0
2022-01-10,93.56,94.06,93.56,94.02,94.02,2411272,-0.0018048625119440054,96.348,96.539,97.7855,2054267.4,1
2022-01-11,93.64,95.47,92.39,95.38,95.38,2098430,0.014465007445224387,95.26599999999999,96.539,97.7855,2049757.2,1
2022-01-12,96.32,97.3,94.8,95.48,95.48,1769680,0.0010484378276369721,94.848,96.539,97.7855,1972268.6,1
2022-01-13,96.31,98.01,96.0,96.15,96.15,1807458,0.007017176372015044,95.04400000000001,96.539,97.7855,1988198.6,1
2022-01-14,97.28,98.15,96.55,96.67,96.67,1580391,0.0054082163286530704,95.53999999999999,96.539,97.7855,1933446.2,1
2022-01-17,96.84,97.78,96.38,96.81,96.81,1907170,0.0014482259232440065,96.098,96.223,97.7855,1832625.8,0
2022-01-18,96.51,97.32,96.22,96.74,96.74,2180818,-0.000723065798987732,96.37,95.81800000000001,97.7855,1849103.4,1
2022-01-19,96.78,98.26,96.74,97.54,97.54,2782321,0.00826958858796778,96.78200000000001,95.815,97.7855,2051631.6,0
2022-01-20,97.28,98.66,96.27,97.49,97.49,1890164,-0.00051261021119553,97.05,96.047,97.7855,2068172.8,1
2022-01-21,99.1,99.62,98.3,99.53,99.53,1749121,0.020925223099805157,97.622,96.58099999999999,97.7855,2101918.8,1
2022-01-24,100.93,101.19,100.61,100.72,100.72,2048538,0.011956194112327845,98.404,97.251,97.7855,2130192.4,0
2022-01-25,100.5,100.83,100.1,100.7,100.7,1268242,-0.00019857029388403724,99.196,97.78299999999999,97.7855,1947677.2,0
2022-01-26,99.7,100.1,99.41,99.64,99.64,1919357,-0.010526315789473717,99.616,98.199,97.7855,1775084.4,1
2022-01-27,101.73,101.91,101.47,101.89,101.89,1962777,0.022581292653552687,100.49600000000001,98.773,97.7855,1789607.0,0
2022-01-28,100.18,101.25,99.18,99.26,99.26,2030115,-0.02581215035822937,100.44200000000001,99.03200000000001,97.7855,1845805.8,1
2022-01-31,100.29,100.59,100.25,100.58,100.58,1415660,0.013298408220834057,100.414,99.40899999999999,97.816,1719230.2,0
2022-02-01,99.81,100.58,99.04,100.16,100.16,2701397,-0.004175780473255175,100.306,99.751,97.78450000000001,2005861.2,0
2022-02-02,100.04,102.24,99.05,99.18,99.18,1716851,-0.009784345047923249,100.214,99.91499999999999,97.86500000000001,1965360.0,1
2022-02-03,100.9,100.91,100.53,100.62,100.62,1468848,0.014519056261343088,99.96000000000001,100.228,98.1375,1866574.2,1
2022-02-04,99.93,101.48,99.15,101.3,101.3,1838969,0.006758099781355442,100.368,100.405,98.493,1828345.0,1
2022-02-07,101.69,102.75,101.15,102.04,102.04,1196258,0.007305034550839196,100.66,100.537,98.89399999999999,1784464.6,1
2022-02-08,102.4,103.2,101.13,102.63,102.63,1339771,0.0057820462563700215,101.15400000000001,100.73,99.2565,1512139.4,1
2022-02-09,104.2,104.44,103.32,103.33,103.33,2146536,0.006820617753093616,101.98400000000001,101.099,99.649,1598076.4,1
2022-02-10,104.88,105.38,103.63,104.87,104.87,2328276,0.014903706571179676,102.83400000000002,101.397,100.08500000000001,1769962.0,0
2022-02-11,103.3,104.1,101.99,103.78,103.78,2411030,-0.010393820921140495,103.33,101.849,100.4405,1884374.2,1
2022-02-14,104.5,105.29,103.58,105.25,105.25,1592094,0.014164578916939563,103.97200000000001,102.316,100.8625,1963541.4,1
2022-02-15,105.46,106.73,104.89,105.81,105.81,1867671,0.005320665083135445,104.60799999999999,102.881,101.316,2069121.4,1
2022-02-16,107.92,108.85,106.77,108.73,108.73,2241236,0.02759663547868829,105.68800000000002,103.83600000000001,101.8755,2088061.4,1
2022-02-17,109.46,109.96,108.61,109.13,109.13,1776742,0.003678837487353981,106.54,104.68700000000001,102.45750000000001,1977754.6,1
2022-02-18,109.83,111.2,109.64,110.53,110.53,2192658,0.012828736369467686,107.89000000000001,105.61000000000001,103.00750000000001,1934080.2,1
2022-02-21,109.76,110.92,109.71,110.61,110.61,2541525,0.0007237853976296282,108.96200000000002,106.46700000000001,103.502,2123966.4,0
2022-02-22,109.66,110.69,109.09,110.48,110.48,2256892,-0.0011753006057317883,109.896,107.252,103.99100000000001,2201810.6,1
2022-02-23,111.45,113.05,111.44,112.49,112.49,2477000,0.01819333816075308,110.648,108.168,104.6335,2248963.4,1
2022-02-24,112.5,113.35,111.63,112.63,112.63,1881590,0.001244555071561848,111.348,108.944,105.17049999999999,2269933.0,1
2022-02-25,112.0,114.01,111.6,113.02,113.02,1764034,0.0034626653644678207,111.846,109.86800000000001,105.8585,2184208.2,1
2022-02-28,113.71,114.94,112.9,114.17,114.17,2339798,0.010175190231817455,112.55799999999999,110.75999999999999,106.53800000000001,2143862.8,1
2022-03-01,117.66,119.27,116.69,119.2,119.2,987428,0.04405710782166938,114.30199999999999,112.099,107.49000000000001,1889970.0,0
2022-03-02,118.53,119.54,117.59,117.64,117.64,1942631,-0.013087248322147693,115.332,112.99000000000001,108.41300000000001,1783096.2,1
2022-03-03,119.13,119.53,118.75,118.94,118.94,2882727,0.011050663039782416,116.59400000000001,113.971,109.329,1983323.6,0
2022-03-04,117.68,118.76,115.18,116.69,116.69,2516232,-0.01891710105935762,117.328,114.58700000000002,110.09850000000002,2133763.2,0
2022-03-07,114.77,115.04,112.62,112.86,112.86,379366,-0.03282200702716598,117.066,114.81199999999998,110.6395,1741676.8,0
2022-03-08,112.0,113.4,110.17,112.22,112.22,1284929,-0.005670742512847826,115.67,114.98599999999999,111.119,1801177.0,0
2022-03-09,111.62,111.69,109.0,111.3,111.3,1509245,-0.008198182142220678,114.402,114.86699999999999,111.5175,1714499.8,1
2022-03-10,111.78,112.45,111.71,112.41,112.41,1807343,0.009973045822102344,113.096,114.845,111.89450000000002,1499423.0,0
2022-03-11,112.77,113.46,110.39,112.07,112.07,1924107,-0.0030246419357709,112.172,114.75,112.309,1380998.0,1
2022-03-14,112.71,113.41,112.48,113.27,113.27,1753499,0.010707593468368026,112.25399999999999,114.66,112.71,1655824.6,0
2022-03-15,112.51,113.59,110.88,113.25,113.25,2406431,-0.00017656925929188105,112.46,114.06499999999998,113.082,1880125.0,1
2022-03-16,112.67,113.3,111.83,113.29,113.29,2305185,0.00035320088300228036,112.85799999999999,113.63,113.30999999999999,2039313.0,0
2022-03-17,110.9,111.64,109.61,111.5,111.5,1891159,-0.015800158884279325,112.676,112.886,113.42849999999999,2056076.2,1
2022-03-18,113.04,113.96,111.57,112.33,112.33,2010501,0.0074439461883408775,112.728,112.45,113.51850000000002,2073355.0,1
2022-03-21,113.16,113.46,112.46,113.41,113.41,2048497,0.009614528621027407,112.756,112.505,113.6585,2132354.6,1
2022-03-22,112.82,115.18,111.69,114.04,114.04,1392905,0.005555065690856287,112.91400000000002,112.68699999999998,113.8365,1929649.4,1
2022-03-23,115.24,116.04,115.23,115.68,115.68,2487559,0.014380918975797963,113.39200000000001,113.125,113.99599999999998,1966124.2,0
2022-03-24,114.64,115.01,114.16,114.69,114.69,1718137,-0.008558091286307135,114.03,113.353,114.099,1931519.8,0
2022-03-25,114.67,115.31,113.67,113.8,113.8,1275957,-0.007760048827273547,114.324,113.526,114.138,1784611.0,0
2022-03-28,112.19,112.43,111.84,112.09,112.09,2737678,-0.015026362038664254,114.05999999999999,113.40799999999999,114.03399999999999,1922447.2,0
2022-03-29,111.92,112.68,111.86,111.96,111.96,2161359,-0.0011597823177804667,113.644,113.279,113.67199999999998,2076138.0,1
2022-03-30,112.08,113.79,111.95,112.48,112.48,2200855,0.004644515898535317,113.00399999999999,113.19800000000001,113.41399999999999,2018797.2,1
2022-03-31,112.8,112.88,111.69,112.87,112.87,2048838,0.003467283072546179,112.64000000000001,113.33500000000001,113.1105,2084937.4,0
2022-04-01,112.46,113.02,110.83,111.83,111.83,2479635,-0.009214140161247553,112.24600000000001,113.285,112.86749999999999,2325673.0,1
2022-04-04,114.54,114.67,113.42,114.19,114.19,1580139,0.02110346060985413,112.66599999999998,113.36300000000001,112.93400000000001,2094165.2,0
2022-04-05,111.43,112.02,110.59,111.98,111.98,2075196,-0.019353708731062236,112.67,113.157,112.922,2076932.6,0
2022-04-06,111.31,111.95,110.23,110.51,110.51,1339883,-0.013127344168601507,112.276,112.64000000000001,112.88250000000001,1904738.2,1
2022-04-07,112.84,113.37,110.91,113.3,113.3,2676936,0.025246584019545715,112.362,112.501,112.92699999999999,2030357.8,1
2022-04-08,113.77,116.56,112.74,113.79,113.79,2002621,0.004324801412180168,112.75399999999999,112.5,113.013,1934955.0,1
2022-04-11,113.3,114.01,112.09,113.92,113.92,1928810,0.0011424554002987808,112.7,112.68299999999999,113.04550000000002,2004689.2,0
2022-04-12,113.74,114.95,111.99,113.05,113.05,2166157,-0.007636938202247201,112.91399999999999,112.792,113.0355,2022881.4,1
2022-04-13,114.38,114.51,113.03,113.84,113.84,2033759,0.006988058381247386,113.58,112.928,113.06300000000002,2161656.6,1
2022-04-14,114.62,115.79,114.31,114.35,114.35,2322687,0.004479971890372303,113.79,113.076,113.2055,2090806.8,0
2022-04-15,114.02,114.81,112.82,113.6,113.6,1120630,-0.00655881066899866,113.752,113.253,113.26899999999998,1914408.6,0
2022-04-18,113.94,114.17,111.47,113.59,113.59,2814307,-8.802816901398725e-05,113.686,113.19299999999998,113.27799999999999,2091508.0,0
2022-04-19,110.88,110.94,110.46,110.7,110.7,1983652,-0.02544238049124048,113.21600000000001,113.06500000000001,113.11099999999999,2055007.0,0
2022-04-20,109.71,109.85,109.63,109.66,109.66,2183299,-0.009394760614272912,112.38,112.97999999999999,112.81000000000002,2084915.0,0
2022-04-21,108.58,109.73,108.51,109.33,109.33,2477571,-0.0030093014772933913,111.376,112.583,112.542,2115891.8,0
2022-04-22,108.56,109.45,107.96,108.09,108.09,1946484,-0.011341809201499964,110.274,112.013,112.2565,2281062.6,0
2022-04-25,106.94,108.22,104.83,104.97,104.97,2017631,-0.02886483485983904,108.55,111.11799999999998,111.90050000000001,2121727.4,1
2022-04-26,106.51,107.41,105.84,107.02,107.02,1734749,0.01952938934933779,107.81400000000001,110.51500000000001,111.65350000000001,2071946.8,0
2022-04-27,106.42,108.87,104.8,106.68,106.68,2683437,-0.0031769762661183476,107.218,109.799,111.3635,2171974.4,0
2022-04-28,106.08,106.11,105.05,105.61,105.61,1936041,-0.010029996250468742,106.474,108.925,111.00049999999999,2063668.4,0
2022-04-29,103.42,103.63,102.64,102.66,102.66,1288873,-0.027932960893854775,105.38799999999999,107.83099999999999,110.54199999999999,1932146.2,0
2022-05-02,101.44,102.23,101.09,102.1,102.1,2843570,-0.005454899668809632,104.814,106.68199999999999,109.9375,2097334.0,1
2022-05-03,102.55,104.06,102.47,103.4,103.4,1569357,0.012732615083251853,104.09,105.952,109.50849999999998,2064255.6,1
2022-05-04,104.81,105.22,104.11,104.51,104.51,2463088,0.010735009671179796,103.65599999999999,105.43699999999998,109.2085,2020185.8,0
2022-05-05,104.03,104.62,103.36,103.59,103.59,1756437,-0.008802985360252591,103.252,104.86300000000001,108.723,1984265.0,1
2022-05-06,102.6,105.17,101.9,105.11,105.11,1880525,0.014673231006853804,103.742,104.56500000000001,108.28899999999999,2102595.4,0
2022-05-09,104.03,104.82,103.51,104.72,104.72,1511222,-0.0037103986300066616,104.266,104.54,107.829,1836125.8,1
2022-05-10,107.51,108.51,106.69,107.03,107.03,1618370,0.022058823529411686,104.992,104.54100000000001,107.52799999999999,1845928.4,0
2022-05-11,104.34,104.39,104.06,104.16,104.16,1547841,-0.026814911706998124,104.922,104.28899999999999,107.04400000000001,1662879.0,0
2022-05-12,103.84,106.73,102.17,102.41,102.41,1569793,-0.016801075268817245,104.686,103.96900000000001,106.447,1625550.2,1
2022-05-13,103.24,103.83,102.37,103.48,103.48,1435146,0.010448198418123278,104.35999999999999,104.051,105.94099999999999,1536474.4,1
2022-05-16,105.62,107.49,104.53,107.28,107.28,2185572,0.03672207189795129,104.872,104.569,105.62550000000002,1671344.4,0
2022-05-17,107.05,107.21,105.8,106.0,106.0,2127210,-0.011931394481730084,104.66600000000001,104.829,105.3905,1773112.4,1
2022-05-18,106.3,106.64,105.96,106.52,106.52,2144887,0.004905660377358512,105.138,105.03,105.2335,1892521.6,1
2022-05-19,108.56,108.91,107.25,107.98,107.98,1795962,0.013706346226060928,106.252,105.46900000000001,105.16600000000001,1937755.4,0
2022-05-20,105.22,106.32,104.33,105.33,105.33,2163463,-0.024541581774402688,106.622,105.49100000000001,105.02799999999999,2083418.8,1
2022-05-23,106.09,108.43,105.84,106.14,106.14,2385432,0.007690116775847411,106.394,105.633,105.0865,2123390.8,1
2022-05-24,106.83,107.77,106.41,107.49,107.49,2316390,0.01271905031091003,106.69200000000001,105.679,105.10999999999999,2161226.8,1
2022-05-25,108.91,109.18,108.41,108.6,108.6,1575077,0.010326542003907369,107.10799999999999,106.123,105.20599999999999,2047264.8,1
2022-05-26,109.86,110.24,108.95,110.01,110.01,1865062,0.012983425414364813,107.51400000000001,106.883,105.426,2061084.8,0
2022-05-27,108.98,109.39,108.16,109.05,109.05,1538917,-0.008726479410962718,108.258,107.44000000000001,105.74549999999999,1936175.6,1
2022-05-30,110.91,112.72,110.6,111.33,111.33,1110639,0.020907840440165026,109.296,107.845,106.207,1681217.0,1
2022-05-31,112.9,112.96,112.58,112.78,112.78,1437255,0.01302434204616909,110.354,108.523,106.676,1505390.0,1
2022-06-01,112.71,114.72,112.05,114.52,114.52,1604762,0.015428267423301945,111.53800000000001,109.32300000000001,107.17649999999999,1511327.0,1
2022-06-02,116.95,118.52,115.08,118.29,118.29,1744392,0.0329200139713588,113.194,110.354,107.9115,1487193.0,1
2022-06-03,119.16,122.19,118.54,120.0,120.0,1920996,0.014455997971087875,115.38399999999999,111.821,108.65599999999999,1563608.8,0
2022-06-06,118.53,120.49,117.55,118.57,118.57,2036658,-0.011916666666666687,116.832,113.064,109.34850000000002,1748812.6,1
2022-06-07,118.35,120.12,118.04,118.98,118.98,1877128,0.0034578729864216395,118.072,114.213,109.946,1836787.2,0
2022-06-08,115.61,115.68,115.35,115.54,115.54,2348103,-0.02891242225584134,118.276,114.90700000000001,110.51500000000001,1985455.4,1
2022-06-09,115.55,116.47,115.36,116.47,116.47,3286679,0.008049160463908578,117.91199999999999,115.553,111.218,2293912.8,0
2022-06-10,116.52,116.54,116.29,116.34,116.34,1927819,-0.0011161672533699374,117.17999999999999,116.28200000000001,111.86100000000002,2295277.4,0
2022-06-13,116.53,118.15,113.43,115.51,115.51,2623042,-0.007134261646897011,116.56800000000001,116.7,112.2725,2412554.2,0
2022-06-14,113.92,114.34,112.32,113.62,113.62,1611091,-0.016362219721236304,115.49600000000001,116.78399999999999,112.65350000000001,2359346.8,0
2022-06-15,113.34,113.89,112.46,113.4,113.4,2360836,-0.0019362788241507056,115.06800000000001,116.672,112.99749999999999,2361893.4,0
2022-06-16,112.17,112.72,110.8,110.99,110.99,2356499,-0.021252204585538004,113.97200000000001,115.94200000000001,113.148,2175857.4,0
2022-06-17,110.39,110.65,110.11,110.33,110.33,1459468,-0.00594648166501488,112.77000000000001,114.975,113.398,2082187.2,1
2022-06-20,111.32,111.67,110.96,111.26,111.26,1374443,0.008429257681501046,111.92,114.244,113.65400000000002,1832467.4,0
2022-06-21,109.67,111.11,107.74,108.65,108.65,1359785,-0.02345856552220027,110.926,113.21099999999998,113.71199999999999,1782206.2,0
2022-06-22,107.32,109.14,107.09,108.65,108.65,1951643,0.0,109.976,112.522,113.7145,1700367.6,0
2022-06-23,109.15,109.51,107.68,107.72,107.72,2153900,-0.008559595029912659,109.322,111.647,113.6,1659847.8,0
2022-06-24,105.36,106.14,105.18,106.13,106.13,1908008,-0.01476049015967329,108.482,110.626,113.454,1749555.8,1
2022-06-27,105.55,107.27,104.97,106.24,106.24,2514577,0.0010364647130878257,107.478,109.699,113.19950000000001,1977582.6,0
2022-06-28,106.77,107.82,104.99,105.48,105.48,2507185,-0.007153614457831248,106.84400000000001,108.88499999999999,112.8345,2207062.6,0
2022-06-29,106.25,106.66,103.73,103.87,103.87,2258829,-0.015263557072430767,105.888,107.93199999999999,112.30199999999999,2268499.8,0
2022-06-30,103.69,104.47,103.05,103.46,103.46,1296669,-0.003947241744488461,105.03599999999999,107.179,111.5605,2097053.6,0
2022-07-01,103.24,103.83,101.43,102.57,102.57,2246658,-0.008602358399381393,104.324,106.40299999999999,110.68900000000001,2164783.6,0
2022-07-04,101.78,102.5,101.2,101.84,101.84,2061004,-0.0071170907672807315,103.444,105.46099999999998,109.85249999999999,2074069.0,0
2022-07-05,101.98,102.34,101.73,101.78,101.78,1982505,-0.0005891594658288257,102.704,104.774,108.99249999999999,1969133.0,1
2022-07-06,102.03,103.88,101.31,103.37,103.37,1718766,0.015621929652191113,102.604,104.24600000000001,108.38399999999999,1861120.4,0
2022-07-07,103.76,105.59,102.57,102.85,102.85,1962783,-0.005030473057947238,102.482,103.75899999999999,107.703,1994343.2,1
2022-07-08,103.35,104.73,102.96,104.39,104.39,2305292,0.01497326203208571,102.846,103.585,107.1055,2006070.0,1
2022-07-11,106.18,106.66,105.5,106.07,106.07,2214809,0.016093495545550285,103.69200000000001,103.56800000000001,106.6335,2036831.0,1
2022-07-12,106.47,107.83,105.32,107.64,107.64,2526576,0.014801546148769829,104.864,103.78399999999999,106.3345,2145645.2,1
2022-07-13,108.16,108.66,107.2,108.41,108.41,2048060,0.007153474544778771,105.872,104.23799999999999,106.085,2211504.0,0
2022-07-14,107.69,108.02,107.45,107.65,107.65,1760625,-0.00701042339267588,106.832,104.657,105.918,2171072.4,0
2022-07-15,107.65,108.09,105.57,107.57,107.57,2515922,-0.0007431490942871877,107.468,105.157,105.78,2213198.4,1
2022-07-18,107.05,108.01,106.96,107.94,107.94,2532740,0.003439620712094582,107.84200000000001,105.76700000000001,105.614,2276784.6,0
2022-07-19,107.86,108.41,105.18,107.21,107.21,1777248,-0.006763016490643037,107.756,106.30999999999999,105.542,2126919.0,1
2022-07-20,109.69,110.26,109.23,109.6,109.6,1859107,0.022292696576811766,107.994,106.93299999999999,105.5895,2089128.4,0
2022-07-21,107.9,109.99,106.6,108.9,108.9,2492161,-0.006386861313868564,108.244,107.53800000000001,105.64850000000001,2235435.6,1
2022-07-22,108.73,109.46,107.51,109.45,109.45,2191204,0.005050505050504972,108.61999999999998,108.04400000000001,105.8145,2170492.0,1
2022-07-25,111.87,113.63,111.79,112.11,112.11,1688429,0.02430333485609859,109.454,108.648,106.10799999999999,2001629.8,0
2022-07-26,111.09,112.41,109.51,111.53,111.53,1714626,-0.005173490322005203,110.31800000000001,109.037,106.4105,1989105.4,0
2022-07-27,111.3,112.08,110.52,111.36,111.36,2773752,-0.0015242535640634935,110.67,109.332,106.785,2172034.4,1
2022-07-28,111.67,112.1,111.35,111.84,111.84,2167228,0.004310344827586299,111.258,109.751,107.204,2107047.8,0
2022-07-29,111.48,113.43,110.08,110.95,110.95,1983436,-0.007957796852646637,111.55799999999999,110.08900000000001,107.623,2065494.2,1
2022-08-01,111.37,111.62,111.35,111.48,111.48,2594196,0.004776926543488047,111.43199999999999,110.44300000000001,108.10499999999999,2246647.6,1
2022-08-02,112.54,114.03,111.26,112.83,112.83,2291964,0.0121097954790097,111.69200000000001,111.005,108.6575,2362115.2,1
2022-08-03,113.29,114.54,112.36,113.88,113.88,2253637,0.009306035628822151,112.196,111.43299999999999,109.18299999999999,2258092.2,1
2022-08-04,116.21,116.96,115.65,116.81,116.81,1916440,0.025728837372672952,113.18999999999998,112.224,109.881,2207934.6,1
2022-08-05,118.3,119.27,117.87,119.03,119.03,1803330,0.01900522215563738,114.806,113.18199999999999,110.61300000000001,2171913.4,1
2022-08-08,118.9,119.88,117.13,119.83,119.83,1320071,0.006720994707216654,116.476,113.954,111.301,1917088.4,1
2022-08-09,121.05,123.67,120.68,122.95,122.95,2109575,0.02603688558791628,118.5,115.096,112.06649999999999,1880610.6,1
2022-08-10,123.34,124.83,121.56,124.61,124.61,1776783,0.013501423342822338,120.646,116.42099999999998,112.87650000000001,1785239.8,1
2022-08-11,126.07,127.37,125.9,126.41,126.41,1649939,0.014445068614075796,122.56599999999999,117.878,113.8145,1731939.6,0
2022-08-12,126.27,126.73,125.6,125.63,125.63,2782762,-0.006170397911557601,123.88600000000001,119.346,114.7175,1927826.0,0
2022-08-15,124.89,127.24,123.08,123.76,123.76,900597,-0.014884979702300294,124.672,120.574,115.5085,1843931.2,1
2022-08-16,125.39,126.8,123.75,124.58,124.58,2325100,0.0066257272139624845,124.998,121.749,116.377,1887036.2,1
2022-08-17,126.82,128.18,124.88,128.12,128.12,1654045,0.028415475999357787,125.7,123.173,117.303,1862488.6,0
2022-08-18,128.43,129.35,127.57,127.63,127.63,1374230,-0.0038245394942242328,125.944,124.255,118.23949999999999,1807346.8,1
2022-08-19,128.44,129.88,128.0,129.45,129.45,2228376,0.014259970226435659,126.708,125.297,119.23949999999999,1696469.6,1
2022-08-22,130.54,131.77,130.11,130.17,130.17,2098260,0.0055619930475085955,127.99000000000001,126.33099999999999,120.1425,1936002.2,1
2022-08-23,130.51,132.39,129.63,130.18,130.18,2900470,7.682261657837586e-05,129.10999999999999,127.054,121.075,2051076.2,1
2022-08-24,129.68,131.75,128.95,131.18,131.18,1776908,0.007681671531725387,129.72199999999998,127.71100000000001,122.066,2075648.8,0
2022-08-25,129.35,132.49,127.3,130.91,130.91,2380207,-0.002058240585455229,130.378,128.161,123.0195,2276844.2,1
2022-08-26,131.78,131.81,131.03,131.11,131.11,1998198,0.0015277671682836225,130.71,128.709,124.0275,2230808.6,1
2022-08-29,132.31,133.47,132.02,132.49,132.49,2013442,0.010525512928075687,131.17400000000004,129.582,125.078,2213845.0,0
2022-08-30,131.96,132.32,131.85,131.88,131.88,1499189,-0.004604121065740929,131.514,130.31199999999998,126.0305,1933588.8,1
2022-08-31,134.07,134.92,133.3,133.57,133.57,2286291,0.012814680012132262,131.99200000000002,130.85700000000003,127.01500000000001,2035465.4,1
2022-09-01,132.69,135.09,132.21,134.72,134.72,2447596,0.008609717750992063,132.754,131.56599999999997,127.9105,2048943.2,1
2022-09-02,136.57,137.3,134.77,135.91,135.91,2098799,0.008833135391923985,133.714,132.212,128.75449999999998,2069063.4,1
2022-09-05,139.16,139.67,138.87,138.92,138.92,1674290,0.02214700905010658,135.0,133.08700000000002,129.709,2001233.0,0
2022-09-06,138.14,138.73,137.42,138.28,138.28,1713149,-0.004606968039159165,136.28,133.897,130.4755,2044025.0,1
2022-09-07,140.19,141.5,139.14,141.49,141.49,2019001,0.023213769164015075,137.864,134.928,131.3195,1990567.0,1
2022-09-08,142.45,143.9,142.08,143.66,143.66,1165707,0.015336772916813901,139.652,136.20300000000003,132.18200000000002,1734189.2,1
2022-09-09,145.59,148.31,144.28,145.78,145.78,2112225,0.014757065293053095,141.626,137.67000000000002,133.1895,1736874.4,1
2022-09-12,149.01,149.69,147.4,149.46,149.46,1980745,0.025243517629304435,143.734,139.36700000000002,134.47449999999998,1798165.4,0
2022-09-13,147.39,148.57,147.13,147.43,147.43,2738270,-0.013582229359025866,145.564,140.922,135.617,2003189.6,0
2022-09-14,147.52,148.11,146.79,147.03,147.03,2130336,-0.0027131520043410795,146.672,142.26799999999997,136.5625,2025456.6,1
2022-09-15,146.84,149.26,146.76,148.94,148.94,2385849,0.012990546147044757,147.728,143.69,137.628,2269485.0,1
2022-09-16,148.5,151.09,147.97,150.99,150.99,1440165,0.013763931784611438,148.77,145.198,138.70499999999998,2135073.0,0
2022-09-19,149.71,151.37,148.65,149.01,149.01,1976539,-0.013113451221935302,148.68,146.207,139.647,2134231.8,1
2022-09-20,149.48,151.4,147.99,149.46,149.46,1753121,0.0030199315482184463,149.086,147.325,140.61100000000002,1937202.0,0
2022-09-21,147.86,149.1,147.09,147.42,147.42,1839182,-0.013649136892814218,149.164,147.918,141.423,1878971.2,1
2022-09-22,149.52,150.17,147.98,148.43,148.43,2119394,0.006851173517840259,149.062,148.39499999999998,142.299,1825680.2,0
2022-09-23,147.37,147.44,146.36,147.38,147.38,2366320,-0.007074041635787953,148.34,148.555,143.1125,2010911.2,1
2022-09-26,147.43,150.38,146.08,148.03,148.03,2173244,0.0044103677568192445,148.144,148.412,143.8895,2050252.2,1
2022-09-27,150.78,152.1,150.17,150.23,150.23,2554091,0.014861852327230807,148.298,148.692,144.807,2210446.2,1
2022-09-28,150.37,151.95,149.43,151.62,151.62,2957015,0.009252479531385305,149.138,149.151,145.7095,2434012.8,0
2022-09-29,150.64,150.69,147.62,149.51,149.51,2100549,-0.013916369872048584,149.35399999999998,149.208,146.449,2430243.8,1
2022-09-30,151.96,153.76,150.99,152.08,152.08,1428497,0.017189485653133607,150.294,149.317,147.2575,2242679.2,1
2022-10-03,151.95,153.47,151.56,153.06,153.06,2806855,0.0064439768542872145,151.3,149.722,147.9645,2369401.4,1
2022-10-04,153.03,154.51,151.21,153.87,153.87,1386196,0.0052920423363387314,152.028,150.163,148.744,2135822.4,1
2022-10-05,155.41,157.41,155.0,155.29,155.29,1913464,0.00922856957171625,152.762,150.95,149.43400000000003,1927112.2,0
2022-10-06,153.6,155.81,151.15,152.96,152.96,1576519,-0.015004185717045426,153.452,151.40300000000002,149.89900000000003,1822306.2,0
2022-10-07,151.32,153.27,150.41,150.62,150.62,2821007,-0.015298117154811774,153.16000000000003,151.727,150.14100000000002,2100808.2,1
2022-10-10,150.33,153.72,148.86,151.38,151.38,1837584,0.005045810649316085,152.824,152.06199999999998,150.237,1906954.0,0
2022-10-11,151.01,152.76,148.69,150.31,150.31,2511285,-0.0070683049279957055,152.112,152.07,150.38100000000003,2131971.8,1
2022-10-12,154.25,155.12,153.34,155.04,155.04,2426707,0.03146829884904534,152.062,152.412,150.7815,2234620.4,0
2022-10-13,155.45,155.75,154.59,154.71,154.71,1153521,-0.002128482972136081,152.41199999999998,152.93200000000002,151.07,2150020.8,0
2022-10-14,153.11,154.8,152.83,153.44,153.44,2696001,-0.008208906987266618,152.976,153.06799999999998,151.19250000000002,2125019.6,1
2022-10-17,155.8,156.74,153.33,153.74,153.74,2275026,0.0019551616266946237,153.448,153.13600000000002,151.429,2212508.0,1
2022-10-18,153.16,155.2,152.24,153.92,153.92,2159890,0.0011708078574215186,154.17000000000002,153.14100000000002,151.652,2142229.0,1
2022-10-19,154.88,155.78,154.78,155.41,155.41,2061148,0.009680353430353561,154.244,153.153,152.05149999999998,2069117.2,1
2022-10-20,155.91,155.97,154.82,155.52,155.52,1668549,0.0007078051605431401,154.406,153.40900000000002,152.406,2172122.8,0
2022-10-21,155.95,156.38,154.77,155.15,155.15,1640796,-0.0023791152263374915,154.748,153.862,152.7945,1961081.8,1
2022-10-24,155.39,157.33,154.34,156.2,156.2,2139497,0.006767644215275537,155.24,154.344,153.203,1933976.0,1
2022-10-25,155.99,156.8,154.84,156.53,156.53,1907356,0.0021126760563381364,155.762,154.96599999999998,153.518,1883469.2,0
2022-10-26,156.5,156.73,154.99,155.4,155.4,3105261,-0.007219063438318463,155.76000000000002,155.002,153.70700000000002,2092291.8,0
2022-10-27,153.89,154.38,153.89,153.95,153.95,1598162,-0.009330759330759442,155.446,154.926,153.929,2078214.4,1
2022-10-28,157.82,158.69,156.92,157.41,157.41,2814198,0.022474829490094272,155.898,155.323,154.19549999999998,2312894.8,0
2022-10-31,155.43,156.34,155.12,155.75,155.75,2116892,-0.01054570865891613,155.808,155.52399999999997,154.32999999999998,2308373.8,0
2022-11-01,155.05,156.35,151.96,153.42,153.42,2187028,-0.014959871589085183,155.18599999999998,155.474,154.30749999999998,2364308.2,1
2022-11-02,156.95,157.36,154.24,154.43,154.43,2279163,0.006583235562508172,154.99200000000002,155.376,154.2645,2199088.6,1
2022-11-03,155.32,156.75,155.06,155.22,155.22,1293142,0.00511558634980247,155.24599999999998,155.346,154.3775,2138084.6,1
2022-11-04,155.97,158.02,154.08,157.21,157.21,1453843,0.012820512820512775,155.206,155.552,154.707,1866013.6,0
2022-11-07,158.87,159.09,155.18,155.53,155.53,2196658,-0.010686343107944807,155.16199999999998,155.485,154.91450000000003,1881966.8,1
2022-11-08,155.68,156.47,154.78,155.97,155.97,1607005,0.002829036198804147,155.672,155.429,155.1975,1765962.2,0
2022-11-09,152.09,152.86,150.41,151.89,151.89,923554,-0.026158876707059076,155.16400000000002,155.078,155.04,1494840.4,1
2022-11-10,152.57,152.95,152.57,152.89,152.89,2040914,0.006583711896767319,154.698,154.97199999999998,154.94899999999998,1644394.8,1
2022-11-11,154.22,154.67,153.81,154.49,154.49,2160848,0.010465040224998612,154.154,154.68,155.00150000000002,1785795.8,1
2022-11-14,153.73,155.56,153.19,154.84,154.84,2014090,0.002265518803806099,154.01600000000002,154.589,155.0565,1749282.2,1
2022-11-15,156.51,157.26,156.47,156.95,156.95,2408883,0.013626969775251796,154.212,154.942,155.208,1909657.8,1
2022-11-16,157.27,161.24,157.16,157.76,157.76,1695243,0.005160879260911022,155.386,155.275,155.3255,2063995.6,1
2022-11-17,157.7,158.54,157.59,157.89,157.89,2243250,0.0008240365111562564,156.386,155.54199999999997,155.44400000000002,2104462.8,0
2022-11-18,156.06,156.51,154.82,155.19,155.19,2765375,-0.017100513015390395,156.526,155.34,155.446,2225368.2,1
2022-11-21,155.8,158.12,155.57,158.08,158.08,1831457,0.01862233391326762,157.17399999999998,155.59499999999997,155.54000000000002,2188841.6,0
2022-11-22,156.99,157.56,155.88,156.05,156.05,1805911,-0.012841599190283381,156.994,155.603,155.516,2068247.2,0
2022-11-23,156.43,156.44,155.75,155.96,155.96,2595323,-0.0005767382249278752,156.63400000000001,156.01,155.54399999999998,2248263.2,1
2022-11-24,159.93,161.6,159.59,161.37,161.37,1316560,0.034688381636317045,157.33,156.858,155.91500000000002,2062925.2,0
2022-11-25,159.3,162.17,158.44,161.31,161.31,2379577,-0.000371816322736529,158.554,157.54000000000002,156.11,1985765.6,0
2022-11-28,161.01,161.64,160.98,161.15,161.15,1726877,-0.0009918789907631398,159.16800000000003,158.171,156.38000000000002,1964849.6,0
2022-11-29,159.08,159.37,159.06,159.09,159.09,2289645,-0.012783121315544488,159.776,158.385,156.6635,2061596.4,1
2022-11-30,160.78,162.7,160.71,161.36,161.36,1913526,0.014268652963731254,160.856,158.745,157.01,1925237.0,1
2022-12-01,160.5,163.09,158.14,162.56,162.56,1895338,0.007436787307882886,161.094,159.21200000000002,157.377,2040992.6,1
2022-12-02,161.66,164.24,161.0,163.73,163.73,3078654,0.007197342519684957,161.57800000000003,160.066,157.703,2180808.0,0
2022-12-05,164.44,164.93,162.3,162.48,162.48,2780755,-0.007634520246747711,161.844,160.50600000000003,158.0505,2391583.6,0
2022-12-06,161.61,161.75,158.83,160.82,160.82,1817339,-0.010216642048252123,162.19,160.983,158.293,2297122.4,0
2022-12-07,158.8,160.34,156.89,159.17,159.17,1671552,-0.010259917920656725,161.752,161.304,158.657,2248727.6,0
2022-12-08,158.12,158.57,157.0,158.2,158.2,2498023,-0.006094113212288699,160.87999999999997,160.987,158.92249999999999,2369264.6,0
2022-12-09,155.36,157.69,154.86,156.6,156.6,1874583,-0.010113780025284402,159.45399999999998,160.51600000000002,159.028,2128450.4,1
2022-12-12,159.03,159.95,158.97,159.92,159.92,1678240,0.021200510855683197,158.942,160.39299999999997,159.28199999999998,1907947.4,1
2022-12-13,160.76,161.19,158.3,160.64,160.64,2253917,0.004502251125562795,158.906,160.548,159.4665,1995263.0,0
2022-12-14,160.53,161.43,160.2,160.47,160.47,1477595,-0.001058266932270846,159.166,160.459,159.602,1956471.6,1
2022-12-15,162.16,163.95,161.8,163.71,163.71,1861593,0.020190689848569976,160.26799999999997,160.57399999999998,159.89299999999997,1829185.6,1
2022-12-16,164.1,164.59,163.66,164.45,164.45,1916439,0.004520188137560277,161.83800000000002,160.646,160.356,1837556.8,1
2022-12-19,164.27,166.91,163.47,166.14,166.14,2367438,0.010276679841897174,163.08199999999997,161.012,160.759,1975396.4,1
2022-12-20,166.11,166.65,166.06,166.62,166.62,2199843,0.002889129649693123,164.27800000000002,161.59199999999998,161.2875,1964581.6,0
2022-12-21,165.2,166.16,163.15,165.36,165.36,2010635,-0.007562117392869938,165.256,162.211,161.7575,2071189.6,1
2022-12-22,169.06,172.27,168.93,170.82,170.82,2376670,0.03301886792452824,166.678,163.473,162.23,2174205.0,1
2022-12-23,173.35,174.52,173.11,173.12,173.12,1387850,0.013464465519260171,168.412,165.125,162.82049999999998,2068487.2,0
2022-12-26,172.23,174.45,171.5,172.1,172.1,2834952,-0.005891866913123933,169.604,166.34300000000002,163.368,2161990.0,0
2022-12-27,170.38,171.14,168.34,169.89,169.89,1695108,-0.012841371295758353,170.258,167.26799999999997,163.908,2061043.0,0
2022-12-28,166.79,167.55,165.42,167.29,167.29,2863481,-0.015304020248395944,170.644,167.95,164.2045,2231612.2,1
2022-12-29,167.33,168.89,164.96,167.69,167.69,1119595,0.002391057445155109,170.01799999999997,168.34799999999998,164.46099999999998,1980197.2,0
2022-12-30,167.7,168.01,166.3,167.12,167.12,1717876,-0.003399129345816654,168.81799999999998,168.615,164.6305,2046202.4,1
2023-01-02,169.86,173.26,166.35,171.03,171.03,2604183,0.02339636189564387,168.60399999999998,169.10399999999998,165.058,2000048.6,0
2023-01-03,171.91,171.92,169.65,169.82,169.82,1914907,-0.0070747822019529005,168.58999999999997,169.424,165.50799999999998,2044008.4,1
2023-01-04,170.62,172.25,170.47,171.25,171.25,2738765,0.008420680720763185,169.382,170.01299999999998,166.112,2019065.2,0
2023-01-05,169.37,170.8,169.14,169.5,169.5,2756724,-0.010218978102189746,169.744,169.881,166.677,2346491.0,0
2023-01-06,168.3,171.42,166.24,166.86,166.86,2291048,-0.015575221238937953,169.69199999999998,169.25500000000002,167.19,2461125.4,1
2023-01-09,167.3,169.31,164.06,167.14,167.14,1755575,0.0016780534579885487,168.914,168.759,167.551,2291403.8,0
2023-01-10,166.44,169.39,165.91,166.81,166.81,1926198,-0.001974392724661822,168.312,168.451,167.8595,2293662.0,1
2023-01-11,167.34,167.96,166.67,167.71,167.71,1415041,0.005395359990408188,167.60399999999998,168.493,168.2215,2028917.2,0
2023-01-12,165.25,168.18,162.51,166.85,166.85,1771451,-0.005127899350068632,167.074,168.40900000000002,168.3785,1831862.6,0
2023-01-13,165.31,165.96,164.36,165.41,165.41,1949922,-0.008630506442912744,166.78400000000002,168.238,168.42649999999998,1763637.4,0
2023-01-16,163.8,165.15,163.42,163.89,163.89,2183682,-0.009189287225681686,166.13400000000001,167.524,168.31400000000002,1849258.8,1
2023-01-17,166.21,167.09,166.19,166.24,166.24,787879,0.014338885838062199,166.01999999999998,167.166,168.29500000000002,1621595.0,1
2023-01-18,168.21,168.68,168.1,168.64,168.64,2257969,0.01443695861405181,166.206,166.905,168.459,1790180.6,1
2023-01-19,167.53,169.02,165.99,168.96,168.96,2397132,0.00189753320683117,166.628,166.851,168.36599999999999,1915316.8,1
2023-01-20,168.39,170.68,167.61,169.48,169.48,1982179,0.0030776515151513806,167.442,167.113,168.184,1921768.2,0
2023-01-23,168.26,168.98,167.35,167.76,167.76,2100284,-0.01014869011092756,168.21599999999998,167.175,167.967,1905088.6,0
2023-01-24,167.01,167.11,166.29,166.34,166.34,2346552,-0.00846447305674769,168.236,167.128,167.7895,2216823.2,1
2023-01-25,169.68,169.82,168.27,169.02,169.02,2218279,0.016111578694240736,168.31199999999998,167.25900000000001,167.87600000000003,2208885.2,0
2023-01-26,165.77,167.45,164.75,164.92,164.92,3028747,-0.024257484321382194,167.504,167.06599999999997,167.7375,2335208.2,1
2023-01-27,166.16,167.24,166.07,166.99,166.99,1677017,0.012551540140674389,167.006,167.224,167.731,2274175.8,0
2023-01-30,165.52,167.1,165.31,165.68,165.68,2812339,-0.007844781124618283,166.59,167.403,167.4635,2416586.8,1
2023-01-31,166.23,166.75,166.17,166.62,166.62,2441554,0.005673587638821864,166.64600000000002,167.44099999999997,167.30349999999999,2435587.2,1
2023-02-01,166.26,171.57,165.76,170.53,170.53,1624104,0.023466570639779194,166.948,167.63000000000002,167.26749999999998,2316752.2,1
2023-02-02,170.67,173.8,170.33,173.08,173.08,2936648,0.014953380636838265,168.58,168.042,167.4465,2298332.4,1
2023-02-03,173.24,175.46,173.12,173.49,173.49,2426386,0.0023688467760571985,169.88000000000002,168.443,167.778,2448206.2,1
2023-02-06,175.48,176.95,174.73,176.74,176.74,1832612,0.018733068188368174,172.092,169.341,168.25799999999998,2252260.8,0
2023-02-07,174.7,175.44,171.1,171.46,171.46,1466233,-0.029874391761910202,173.06,169.853,168.4905,2057196.6,1
2023-02-08,172.04,172.93,172.03,172.41,172.41,1468803,0.005540650880671905,173.436,170.192,168.72549999999998,2026136.4,1
2023-02-09,172.45,174.15,170.4,173.1,173.1,3294781,0.004002088045937047,173.44,171.01000000000002,169.038,2097763.0,1
2023-02-10,173.43,173.9,172.9,173.44,173.44,1496728,0.0019641825534373325,173.43,171.65500000000003,169.4395,1911831.4,1
2023-02-13,176.73,176.94,172.98,174.93,174.93,1696089,0.008590867158671633,173.06799999999998,172.57999999999998,169.9915,1884526.8,1
2023-02-14,176.23,177.19,174.75,176.77,176.77,1880533,0.010518493111530303,174.13,173.595,170.518,1967386.8,0
2023-02-15,175.75,177.37,172.91,175.82,175.82,1838839,-0.005374215081744738,174.81199999999998,174.12400000000002,170.877,2041394.0,1
2023-02-16,176.65,176.84,174.49,176.79,176.79,1548149,0.005517006028893157,175.55,174.495,171.26850000000002,1692067.6,0
2023-02-17,174.99,177.06,174.17,174.68,174.68,2100579,-0.011935064200463752,175.798,174.61399999999998,171.5285,1812837.8,1
2023-02-20,175.24,176.13,173.88,175.33,175.33,2063189,0.0037210899931303665,175.878,174.473,171.90699999999998,1886257.8,1
2023-02-21,175.26,176.44,174.36,176.18,176.18,2089790,0.004848000912564876,175.76,174.945,172.39900000000003,1928109.2,1
2023-02-22,177.99,180.15,176.51,179.81,179.81,2336286,0.02060392780111253,176.55800000000002,175.685,172.9385,2027598.6,1
2023-02-23,181.28,183.05,179.27,181.34,181.34,1939809,0.008508981702908702,177.468,176.509,173.7595,2105930.6,0
2023-02-24,181.45,181.79,179.74,179.83,179.83,2165990,-0.008326899746332828,178.498,177.14800000000002,174.4015,2119012.8,1
2023-02-27,181.27,182.06,180.34,181.64,181.64,1870226,0.010065061446921986,179.76,177.81900000000002,175.1995,2080420.2,0
2023-02-28,181.49,182.68,180.78,181.0,181.0,2183643,-0.0035234529839242024,180.724,178.24200000000002,175.91850000000002,2099190.8,1
2023-03-01,182.25,182.89,182.22,182.42,182.42,1848410,0.007845303867403342,181.246,178.902,176.513,2001615.6,0
2023-03-02,182.37,184.28,180.79,180.96,180.96,2475153,-0.008003508387238178,181.17000000000002,179.31900000000002,176.907,2108684.4,1
2023-03-03,182.32,182.62,182.19,182.22,182.22,2580939,0.00696286472148544,181.648,180.073,177.3435,2191674.2,1
2023-03-06,184.66,185.15,183.47,184.86,184.86,2094790,0.014487981560750818,182.292,181.026,177.7495,2236587.0,0
2023-03-07,180.76,181.99,179.58,181.44,181.44,1084683,-0.018500486854917342,182.38000000000002,181.552,178.2485,2016795.0,1
2023-03-08,182.67,186.51,180.63,184.34,184.34,2819982,0.015983245149911784,182.76399999999998,182.005,178.845,2211109.4,1
2023-03-09,185.17,188.13,184.71,186.38,186.38,1578376,0.011066507540414383,183.848,182.50900000000001,179.509,2031754.0,1
2023-03-10,187.04,189.81,185.9,187.88,187.88,1688675,0.008048073827663815,184.98,183.314,180.231,1853301.2,0
2023-03-13,186.67,189.13,185.52,186.03,186.03,1981481,-0.009846710666382763,185.214,183.753,180.786,1830639.4,0
2023-03-14,181.98,182.81,179.73,180.59,180.59,2041219,-0.02924259528033113,185.04399999999998,183.71200000000002,180.977,2021946.6,0
2023-03-15,178.72,180.06,178.15,179.13,179.13,2670225,-0.008084611551027243,184.002,183.38299999999998,181.14249999999998,1991995.2,1
2023-03-16,179.14,180.54,178.8,179.87,179.87,1840473,0.004131077988053455,182.7,183.274,181.29649999999998,2044414.6,1
2023-03-17,181.08,181.12,177.64,181.1,181.1,1969669,0.006838272085395003,181.344,183.16199999999998,181.6175,2100613.4,0
2023-03-20,179.56,182.03,176.22,178.61,178.61,2133563,-0.013749309773605667,179.86,182.53699999999998,181.7815,2131029.8,0
2023-03-21,176.23,177.81,175.38,176.01,176.01,2073396,-0.014556855719164763,178.94400000000002,181.994,181.773,2137465.2,0
2023-03-22,175.05,176.29,174.45,175.16,175.16,924092,-0.004829271064144103,178.15,181.076,181.5405,1788238.6,0
2023-03-23,174.16,175.88,173.93,174.09,174.09,2038425,-0.006108700616579088,176.994,179.84699999999998,181.17800000000003,1827829.0,0
2023-03-24,174.24,176.37,172.22,173.72,173.72,1950705,-0.0021253374691252436,175.518,178.43099999999998,180.8725,1824036.2,1
2023-03-27,174.97,175.38,173.3,174.81,174.81,2143562,0.006274464655767975,174.75799999999998,177.30900000000003,180.531,1826036.0,0
2023-03-28,173.56,176.5,172.44,174.41,174.41,1725637,-0.0022881986156398915,174.43800000000002,176.69099999999997,180.20149999999998,1756484.2,1
2023-03-29,174.77,176.57,172.56,175.17,175.17,1566912,0.00435754830571633,174.44,176.29500000000002,179.839,1885048.2,1
2023-03-30,177.07,180.33,175.75,177.01,177.01,2500291,0.010504081749157956,175.024,176.009,179.6415,1977421.4,1
2023-03-31,178.87,179.32,178.36,179.24,179.24,2130160,0.012598158296141637,176.128,175.823,179.4925,2013312.4,0
2023-04-03,176.38,179.62,174.31,177.5,177.5,2516273,-0.009707654541397104,176.666,175.712,179.12449999999998,2087854.6,0
2023-04-04,176.55,177.28,174.6,176.99,176.99,1892539,-0.0028732394366196568,177.18200000000002,175.81,178.902,2121235.0,0
2023-04-05,175.37,175.46,175.09,175.33,175.33,1718915,-0.00937906096389629,177.214,175.827,178.4515,2151635.6,0
2023-04-06,172.2,173.58,170.53,171.65,171.65,2807791,-0.020988992186163236,176.142,175.583,177.715,2213135.6,0
2023-04-07,172.47,172.55,170.49,170.55,170.55,2273142,-0.006408389163996442,174.404,175.26600000000002,176.8485,2241732.0,0
2023-04-10,169.81,169.99,169.66,169.71,169.71,1814994,-0.004925241864555896,172.846,174.756,176.0325,2101476.2,0
2023-04-11,167.58,167.74,167.2,167.68,167.68,2586562,-0.011961581521418907,170.984,174.08300000000003,175.387,2240280.8,0
2023-04-12,167.81,168.56,165.17,167.01,167.01,1436616,-0.003995706106870278,169.32000000000002,173.267,174.781,2183821.0,1
2023-04-13,165.19,167.79,164.77,167.29,167.29,1099471,0.00167654631459202,168.448,172.29500000000002,174.152,1842157.0,0
2023-04-14,165.52,166.54,165.24,165.59,165.59,1763954,-0.010161994141909214,167.456,170.93,173.37650000000002,1740319.4,0
2023-04-17,166.46,168.06,163.42,164.07,164.07,3037041,-0.009179298266803637,166.328,169.587,172.6495,1984728.8,0
2023-04-18,159.18,159.64,157.43,158.8,158.8,2979173,-0.032120436399097785,164.552,167.768,171.789,2063251.0,0
2023-04-19,156.42,156.47,155.53,156.04,156.04,2126869,-0.017380352644836394,162.358,165.839,170.833,2201301.6,1
2023-04-20,158.11,158.26,157.62,157.7,157.7,1804175,0.010638297872340496,160.44,164.44400000000002,170.0135,2342242.4,1
2023-04-21,158.55,158.74,156.69,158.7,158.7,2563025,0.006341154090044432,159.06199999999998,163.259,169.2625,2502056.6,0
2023-04-24,155.85,157.82,154.44,157.01,157.01,1673116,-0.01064902331442974,157.65,161.98899999999998,168.3725,2229271.6,0
2023-04-25,153.4,157.56,152.98,156.95,156.95,1972552,-0.00038214126488755884,157.28,160.916,167.4995,2027947.4,1
2023-04-26,157.99,159.01,157.11,157.49,157.49,2044790,0.0034405861739408294,157.57,159.964,166.6155,2011531.6,0
2023-04-27,158.09,158.3,156.5,157.42,157.42,2327950,-0.00044447266493119475,157.51399999999998,158.977,165.636,2116286.6,0
2023-04-28,157.54,158.16,155.77,157.42,157.42,2473763,0.0,157.25799999999998,158.16,164.54500000000002,2098434.2,0
2023-05-01,155.93,157.71,155.1,155.83,155.83,2476562,-0.01010036844111284,157.022,157.33599999999998,163.4615,2259123.4,1
2023-05-02,157.36,158.17,156.35,157.72,157.72,2215961,0.012128601681319351,157.176,157.228,162.498,2307805.2,1
2023-05-03,160.14,161.08,159.42,160.44,160.44,1986739,0.017245751965508482,157.76600000000002,157.66799999999998,161.75349999999997,2296195.0,0
2023-05-04,159.47,160.66,158.4,159.19,159.19,1927740,-0.007791074545001275,158.12,157.81699999999998,161.13049999999998,2216153.0,0
2023-05-05,159.06,159.1,158.09,158.39,158.39,2000602,-0.005025441296563904,158.314,157.786,160.5225,2121520.8,0
2023-05-08,158.79,160.27,156.23,157.17,157.17,1618637,-0.007702506471368165,158.58200000000002,157.802,159.8955,1949935.8,0
2023-05-09,156.86,157.11,155.76,156.98,156.98,1867742,-0.0012088821021822849,158.434,157.805,159.36049999999997,1880292.0,1
2023-05-10,156.4,158.33,156.3,157.03,157.03,2138688,0.0003185119123456648,157.752,157.759,158.8615,1910681.8,0
2023-05-11,156.88,156.89,155.31,156.02,156.02,2900255,-0.006431891995160144,157.118,157.61899999999997,158.298,2105184.8,1
2023-05-12,157.32,158.09,156.05,157.73,157.73,1513226,0.01096013331624146,156.98600000000002,157.65,157.905,2007709.6,1
2023-05-15,160.08,161.93,159.97,161.49,161.49,1987212,0.023838204526722917,157.85,158.21599999999998,157.77599999999998,2081424.6,0
2023-05-16,158.95,159.6,158.11,159.22,159.22,2076177,-0.014056597931760506,158.298,158.36599999999999,157.797,2123111.6,0
2023-05-17,158.75,160.27,157.11,157.31,157.31,2412549,-0.011995980404471807,158.354,158.053,157.8605,2177883.8,0
2023-05-18,155.6,156.07,153.5,155.66,155.66,1590371,-0.010488843684444804,158.28199999999998,157.7,157.75849999999997,1915907.0,0
2023-05-19,155.43,155.67,153.96,155.52,155.52,2195232,-0.0008993961197480971,157.84,157.41299999999998,157.59949999999998,2052308.2,0
2023-05-22,155.85,156.76,152.05,155.03,155.03,1932860,-0.0031507201646091554,156.548,157.199,157.50050000000002,2041437.8,0
2023-05-23,154.17,154.46,154.06,154.36,154.36,2044328,-0.0043217441785460275,155.57600000000002,156.937,157.371,2035068.0,0
2023-05-24,153.56,154.05,152.62,152.69,152.69,2601942,-0.010818864990930432,154.652,156.50300000000001,157.131,2072946.6,1
2023-05-25,152.81,157.13,152.78,154.77,154.77,1724731,0.013622372126530946,154.474,156.37800000000001,156.9985,2099818.6,0
2023-05-26,153.05,153.27,152.35,153.11,153.11,2726233,-0.010725592815145069,153.99200000000002,155.916,156.783,2206018.8,1
2023-05-29,153.54,154.11,150.31,153.66,153.66,2335240,0.003592188622558723,153.71800000000002,155.133,156.67450000000002,2286494.8,0
2023-05-30,150.46,151.69,149.89,151.22,151.22,1548974,-0.015879213848757012,153.08999999999997,154.33300000000003,156.34949999999998,2187424.0,0
2023-05-31,149.95,152.27,148.81,149.5,149.5,1835690,-0.011374156857558493,152.452,153.55200000000002,155.8025,2034173.6,0
2023-06-01,149.13,149.38,149.07,149.16,149.16,1498906,-0.0022742474916388478,151.33,152.902,155.301,1989008.6,0
2023-06-02,146.34,146.66,142.48,144.17,144.17,3206307,-0.033454009117726,149.542,151.767,154.58999999999997,2085023.4,1
2023-06-05,144.71,145.09,144.67,144.95,144.95,2273559,0.0054102795311090635,147.79999999999998,150.75900000000001,153.979,2072687.2,0
2023-06-06,144.66,144.84,142.42,144.78,144.78,2336430,-0.0011728182131768294,146.512,149.801,153.369,2230178.4,1
2023-06-07,144.69,145.52,144.55,144.89,144.89,2774510,0.0007597734493713926,145.59,149.02100000000002,152.762,2417942.4,0
2023-06-08,143.63,144.6,142.66,143.55,143.55,1199548,-0.00924839533439148,144.468,147.89899999999997,152.1385,2358070.8,0
2023-06-09,142.81,145.15,142.56,142.71,142.71,2830735,-0.005851619644723138,144.176,146.85899999999998,151.3875,2282956.4,0
2023-06-12,143.16,143.46,142.23,142.51,142.51,1812401,-0.0014014434867914982,143.68800000000002,145.74399999999997,150.4385,2190724.8,1
2023-06-13,144.11,144.91,142.5,144.45,144.45,2123252,0.013613079783874715,143.622,145.06699999999998,149.7,2148089.2,1
2023-06-14,145.78,147.49,144.54,145.56,145.56,1882990,0.007684319833852538,143.75600000000003,144.67299999999997,149.1125,1969785.2,1
2023-06-15,147.34,147.45,146.87,146.96,146.96,2075878,0.009618026930475532,144.43800000000002,144.453,148.6775,2145051.2,0
2023-06-16,145.93,145.98,145.07,145.29,145.29,3011803,-0.011363636363636465,144.954,144.565,148.166,2181264.8,0
2023-06-19,145.02,145.54,144.76,145.19,145.19,2686424,-0.0006882786151833908,145.48999999999998,144.589,147.674,2356069.4,0
2023-06-20,144.66,144.95,142.88,143.31,143.31,1785377,-0.012948550175631901,145.262,144.44199999999998,147.1215,2288494.4,0
2023-06-21,141.43,142.09,138.57,138.83,138.83,1318412,-0.03126090293768746,143.916,143.836,146.42849999999999,2175578.8,1
2023-06-22,139.0,139.76,138.19,139.62,139.62,2212943,0.005690412734999484,142.448,143.44299999999998,145.671,2202991.8,0
2023-06-23,138.73,139.41,136.23,137.02,137.02,1904548,-0.01862197392923648,140.794,142.874,144.8665,1981540.8,1
2023-06-26,139.59,139.92,137.91,139.46,139.46,1843470,0.017807619325645785,139.648,142.56900000000002,144.1565,1812950.0,0
2023-06-27,137.72,138.55,136.5,137.99,137.99,1773954,-0.01054065681915961,138.584,141.923,143.495,1810665.4,0
2023-06-28,136.68,136.71,136.02,136.48,136.48,1820829,-0.010942821943619285,138.114,141.01500000000001,142.844,1911148.8,1
2023-06-29,137.05,137.3,136.16,136.6,136.6,2660652,0.0008792497069167737,137.51000000000002,139.97899999999998,142.216,2000690.6,0
2023-06-30,136.98,137.12,136.17,136.51,136.51,1657685,-0.0006588579795022698,137.408,139.10100000000003,141.833,1951318.0,0
2023-07-03,134.35,135.55,132.72,133.26,133.26,2365382,-0.023807779649842487,136.16799999999998,137.908,141.24849999999998,2055700.4,0
2023-07-04,132.29,132.57,132.04,132.19,132.19,2052947,-0.008029416178898297,135.00799999999998,136.796,140.619,2111499.0,1
2023-07-05,135.2,137.31,133.01,134.23,134.23,2052177,0.015432332249035507,134.558,136.33599999999998,140.086,2157768.6,1
2023-07-06,134.36,136.25,133.81,134.97,134.97,1274412,0.005512925575504868,134.232,135.871,139.65699999999998,1880520.6,0
2023-07-07,133.28,133.76,132.09,132.44,132.44,1789619,-0.018744906275468654,133.41799999999998,135.413,139.1435,1906907.4,1
2023-07-10,133.39,135.07,132.89,134.72,134.72,2617891,0.017215342796738087,133.70999999999998,134.93900000000002,138.75400000000002,1957409.2,0
2023-07-11,134.91,136.52,132.51,134.21,134.21,2159825,-0.0037856294536816604,134.11399999999998,134.561,138.24200000000002,1978784.8,0
2023-07-12,131.23,132.19,129.89,130.59,130.59,2339686,-0.02697265479472477,133.38600000000002,133.972,137.49349999999998,2036286.6,0
2023-07-13,130.7,131.31,128.45,129.38,129.38,1661217,-0.009265640554406929,132.268,133.24999999999997,136.6145,2113647.6,1
2023-07-14,130.69,131.29,129.2,131.09,131.09,1701244,0.013216880507033624,131.998,132.708,135.9045,2095972.6,1
2023-07-17,134.31,135.63,134.2,135.21,135.21,1595867,0.03142878938134119,132.096,132.90300000000002,135.40550000000002,1891567.8,0
2023-07-18,134.77,135.53,134.62,134.66,134.66,2325225,-0.0040677464684565345,132.186,133.15,134.973,1924647.8,1
2023-07-19,135.06,136.4,134.54,135.5,135.5,2125100,0.0062379325709194244,133.16799999999998,133.277,134.8065,1881730.6,0
2023-07-20,134.14,135.59,132.81,134.09,134.09,2115035,-0.010405904059040516,134.10999999999999,133.18900000000002,134.53000000000003,1972494.2,1
2023-07-21,135.32,135.89,134.19,134.52,134.52,1691373,0.0032068014020434354,134.796,133.397,134.40500000000003,1970520.0,0
2023-07-24,132.01,133.41,130.78,132.26,132.26,1997201,-0.016800475765685552,134.206,133.151,134.04500000000002,2050786.8,0
2023-07-25,131.25,131.76,130.34,130.88,130.88,2424551,-0.01043399364887343,133.45,132.818,133.6895,2070652.0,1
2023-07-26,131.44,132.46,130.12,132.03,132.03,2250332,0.008786674816625872,132.756,132.962,133.46699999999998,2095698.4,0
2023-07-27,132.07,132.94,131.15,131.47,131.47,2210486,-0.004241460274180153,132.23200000000003,133.171,133.2105,2114788.6,1
2023-07-28,133.46,134.79,133.08,134.56,134.56,1760581,0.023503460865596848,132.24,133.51799999999997,133.113,2128630.2,0
2023-07-31,134.9,135.43,133.47,133.97,133.97,2308502,-0.00438466111771707,132.58200000000002,133.39399999999998,133.14849999999998,2190890.4,1
2023-08-01,137.32,137.41,136.44,136.72,136.72,1485314,0.020526983653056607,133.75,133.6,133.375,2003043.0,0
2023-08-02,133.73,135.21,132.88,133.04,133.04,2766863,-0.02691632533645416,133.952,133.35399999999998,133.3155,2106349.2,1
2023-08-03,133.81,136.24,132.93,134.03,134.03,1922050,0.007441371016235765,134.464,133.348,133.2685,2048662.0,0
2023-08-04,133.88,134.55,132.38,132.81,132.81,2724249,-0.0091024397522943,134.11399999999998,133.177,133.287,2241395.6,0
2023-08-07,133.16,133.55,132.46,132.76,132.76,2171893,-0.0003764776748739207,133.87199999999999,133.227,133.189,2214073.8,1
2023-08-08,132.77,133.78,132.46,133.43,133.43,1537883,0.005046700813498228,133.214,133.48200000000003,133.15,2224587.6,1
2023-08-09,135.27,136.77,133.02,134.01,134.01,1958281,0.004346848534812153,133.408,133.68,133.321,2062871.2,0
2023-08-10,131.81,133.14,131.54,132.5,132.5,2034672,-0.011267815834639094,133.102,133.783,133.477,2085395.6,0
2023-08-11,132.69,132.96,131.62,132.45,132.45,1350209,-0.00037735849056608206,133.03000000000003,133.572,133.545,1810587.6,1
2023-08-14,134.08,135.62,132.98,133.81,133.81,2768965,0.01026802567006424,133.24,133.55599999999998,133.475,1930002.0,0
2023-08-15,132.18,132.47,131.82,132.2,132.2,2523658,-0.012031985651296706,132.994,133.10399999999998,133.352,2127157.0,0
2023-08-16,132.67,132.73,130.64,131.58,131.58,2257127,-0.004689863842662456,132.50799999999998,132.95800000000003,133.156,2186926.2,1
2023-08-17,132.16,132.67,131.6,132.32,132.32,1988223,0.005623955008359882,132.472,132.787,133.0675,2177636.4,1
2023-08-18,132.5,132.99,132.33,132.5,132.5,2413023,0.0013603385731559836,132.48200000000003,132.756,132.9665,2390199.2,1
2023-08-21,132.95,132.97,132.84,132.92,132.92,1353868,0.0031698113207545564,132.304,132.772,132.99949999999998,2107179.8,0
2023-08-22,132.71,133.06,132.32,132.87,132.87,1882796,-0.00037616611495627783,132.438,132.716,133.099,1979007.4,0
2023-08-23,131.25,133.49,130.85,132.45,132.45,1709973,-0.003160984420862656,132.612,132.56,133.12,1869576.6,1
2023-08-24,133.27,133.9,133.17,133.32,133.32,2371341,0.006568516421291193,132.81199999999998,132.642,133.2125,1946200.2,0
2023-08-25,135.18,135.39,132.86,133.04,133.04,2341664,-0.0021002100210021357,132.92,132.701,133.1365,1931928.4,1
2023-08-28,134.32,137.5,133.27,137.05,137.05,1309477,0.030141310883944783,133.746,133.02499999999998,133.2905,1923050.2,1
2023-08-29,138.7,141.67,137.66,138.65,138.65,1697069,0.011674571324334249,134.902,133.67000000000002,133.387,1885904.8,1
2023-08-30,142.63,143.72,141.85,142.68,142.68,2429793,0.029065993508835097,136.948,134.78,133.869,2029868.8,0
2023-08-31,142.19,143.32,142.17,142.29,142.29,1753438,-0.0027333894028596095,138.74200000000002,135.777,134.282,1906288.2,0
2023-09-01,141.52,142.67,141.12,141.23,141.23,1860119,-0.007449574812003701,140.38000000000002,136.65,134.703,1809979.2,0
2023-09-04,140.14,140.33,139.91,140.2,140.2,1834345,-0.0072930680450329355,141.01,137.378,135.075,1914952.8,0
2023-09-05,138.25,139.4,134.18,136.04,136.04,2622339,-0.029671897289586302,140.488,137.695,135.20549999999997,2100006.8,1
2023-09-06,136.12,137.02,134.75,136.83,136.83,1937272,0.005807115554248954,139.318,138.13299999999998,135.3465,2001502.6,1
2023-09-07,137.17,140.21,136.85,138.71,138.71,1574296,0.01373967697142442,138.602,138.672,135.65699999999998,1965674.2,0
2023-09-08,137.76,138.34,136.6,138.06,138.06,2210047,-0.004686035613870709,137.968,139.174,135.9375,2035659.8,1
2023-09-11,141.32,142.92,140.65,141.06,141.06,1536809,0.021729682746632006,138.14000000000001,139.575,136.29999999999998,1976152.6,0
2023-09-12,141.37,141.53,138.9,139.33,139.33,1645210,-0.012264284701545392,138.798,139.643,136.6565,1780726.8,0
2023-09-13,138.15,138.58,134.8,135.73,135.73,2216479,-0.02583793870666773,138.578,138.948,136.864,1836568.2,1
2023-09-14,134.82,135.82,133.88,135.74,135.74,2510691,7.367567965821387e-05,137.98399999999998,138.293,137.035,2023847.2,1
2023-09-15,134.98,137.52,132.46,136.01,136.01,2194807,0.0019890968027109768,137.574,137.77100000000002,137.2105,2020799.2,0
2023-09-18,134.25,135.61,133.92,134.99,134.99,1493052,-0.007499448569957989,136.35999999999999,137.25000000000003,137.314,2012047.8,0
2023-09-19,133.8,134.14,132.6,133.66,133.66,1795949,-0.009852581672716632,135.22600000000003,137.012,137.3535,2042195.6,0
2023-09-20,131.63,131.81,131.4,131.61,131.61,1850161,-0.015337423312883347,134.402,136.49,137.3115,1968932.0,1
2023-09-21,135.02,136.52,133.05,133.93,133.93,2498429,0.017627839829800207,134.04000000000002,136.012,137.342,1966479.6,1
2023-09-22,134.94,135.43,134.48,134.94,134.94,2548234,0.007541252893302319,133.82600000000002,135.7,137.43699999999998,2037165.0,0
2023-09-25,132.74,133.01,131.68,132.2,132.2,1968237,-0.020305320883355682,133.268,134.81400000000002,137.1945,2132202.0,1
2023-09-26,133.26,133.92,133.2,133.25,133.25,1696649,0.007942511346444858,133.186,134.206,136.92450000000002,2112342.0,0
2023-09-27,134.99,135.65,132.45,133.16,133.16,2309855,-0.0006754221388367565,133.49599999999998,133.949,136.4485,2204280.8,0
2023-09-28,130.38,130.62,129.57,130.06,130.06,2448533,-0.023280264343646717,132.722,133.381,135.837,2194301.6,1
2023-09-29,131.74,133.24,131.47,132.89,132.89,1996739,0.021759188067045798,132.312,133.069,135.42,2084002.6,1
2023-10-02,135.09,136.97,134.53,136.37,136.37,2041913,0.026187072014448143,133.14600000000002,133.207,135.2285,2098737.8,1
2023-10-03,137.89,139.08,135.95,136.49,136.49,2348951,0.000879958935249725,133.794,133.49,135.251,2229198.2,1
2023-10-04,136.43,136.91,136.13,136.72,136.72,2849978,0.00168510513590725,134.506,134.001,135.24550000000002,2337222.8,1
2023-10-05,137.72,139.01,136.3,137.58,137.58,2198963,0.006290228203627901,136.01,134.36599999999999,135.18900000000002,2287308.8,0
2023-10-06,138.18,139.05,136.79,137.34,137.34,1814745,-0.0017444395987790129,136.9,134.606,135.15300000000002,2250910.0,0
2023-10-09,136.39,137.62,135.15,137.18,137.18,2759641,-0.0011649919906799866,137.06199999999998,135.10399999999998,134.959,2394455.6,1
2023-10-10,138.77,140.05,137.24,137.98,137.98,2085919,0.005831753899985248,137.35999999999999,135.577,134.8915,2341849.2,0
2023-10-11,136.74,137.96,135.92,136.37,136.37,1525825,-0.011668357733004675,137.29,135.898,134.9235,2077018.6,1
2023-10-12,136.16,137.59,135.43,137.11,137.11,1651614,0.005426413434039823,137.196,136.603,134.99200000000002,1967548.8,0
2023-10-13,137.87,138.61,136.48,136.54,136.54,1018687,-0.004157246006855964,137.036,136.96800000000002,135.0185,1808337.2,1
2023-10-16,136.99,137.72,136.89,137.45,137.45,2339571,0.0066647136370294735,137.08999999999997,137.076,135.1415,1724323.2,0
2023-10-17,136.79,137.79,136.33,136.69,136.69,2158077,-0.005529283375772964,136.83200000000002,137.096,135.293,1738754.8,1
2023-10-18,136.38,137.96,135.27,137.44,137.44,1491658,0.005486868095690989,137.046,137.16799999999998,135.5845,1731921.4,0
2023-10-19,137.22,137.41,136.76,136.96,136.96,2715683,-0.0034924330616995514,137.01600000000002,137.106,135.73600000000002,1944735.2,0
2023-10-20,137.08,138.91,136.22,136.32,136.32,2193404,-0.004672897196261738,136.97199999999998,137.004,135.805,2179678.6,1
2023-10-23,139.83,141.26,139.48,140.51,140.51,2522544,0.03073650234741776,137.584,137.33700000000002,136.2205,2216273.2,1
2023-10-24,141.06,142.97,140.28,141.88,141.88,2183824,0.009750195715607424,138.622,137.727,136.652,2221422.6,0
2023-10-25,141.27,142.52,140.43,141.38,141.38,2061773,-0.0035241048773611006,139.41,138.228,137.06300000000002,2335445.6,1
2023-10-26,143.89,144.69,143.66,143.83,143.83,2981293,0.017329183760079303,140.784,138.9,137.75150000000002,2388567.6,1
2023-10-27,145.29,147.24,144.21,146.14,146.14,1757347,0.016060627129249605,142.748,139.85999999999999,138.41400000000002,2301356.2,0
2023-10-30,145.8,146.38,143.14,145.3,145.3,1832431,-0.005747912960174961,143.706,140.645,138.8605,2163333.6,1
2023-10-31,147.81,149.08,147.2,149.0,149.0,2231644,0.025464556090846413,145.13000000000002,141.876,139.48600000000002,2172897.6,1
2023-11-01,152.81,154.5,152.34,153.57,153.57,2193161,0.03067114093959722,147.568,143.489,140.3285,2199175.2,1
2023-11-02,156.11,158.57,155.38,155.48,155.48,1924581,0.012437324998372024,149.898,145.341,141.2235,1987832.8,1
2023-11-03,154.63,156.07,154.22,155.85,155.85,1434692,0.0023797272961152416,151.84,147.29399999999998,142.149,1923301.8,1
2023-11-06,157.32,158.58,155.91,158.58,158.58,1684211,0.017516843118383196,154.496,149.101,143.219,1893657.8,1
2023-11-07,158.93,160.82,158.73,158.86,158.86,1741785,0.001765670324126667,156.46800000000002,150.799,144.26299999999998,1795686.0,0
2023-11-08,158.38,159.56,158.1,158.49,158.49,1225690,-0.0023290948004532908,157.452,152.51,145.369,1602191.8,0
2023-11-09,156.42,157.38,154.77,155.55,155.55,1756398,-0.018550066250236585,157.466,153.682,146.291,1568555.2,0
2023-11-10,154.08,156.08,153.38,153.95,153.95,2090713,-0.01028608164577316,157.08599999999998,154.463,147.1615,1699759.4,0
2023-11-13,154.17,155.53,153.58,153.88,153.88,1984280,-0.00045469308216949944,156.14600000000002,155.321,147.983,1759773.2,1
2023-11-14,154.11,156.86,153.55,155.47,155.47,2150553,0.010332726800104108,155.46800000000002,155.968,148.922,1841526.8,0
2023-11-15,154.59,156.8,153.39,155.05,155.05,1959700,-0.0027014858171994227,154.78000000000003,156.116,149.8025,1988328.8,1
2023-11-16,155.82,156.68,155.64,156.11,156.11,1682221,0.006836504353434414,154.892,156.179,150.76,1973493.4,1
2023-11-17,159.11,160.9,158.02,160.51,160.51,2196898,0.028185253987572656,156.204,156.645,151.96949999999998,1994730.4,0
2023-11-20,158.51,159.85,158.44,159.49,159.49,1297405,-0.006354744252694444,157.32600000000002,156.736,152.9185,1857355.4,0
2023-11-21,154.53,155.19,152.93,154.87,154.87,1148064,-0.028967333375133242,157.206,156.33700000000002,153.568,1656857.6,1
2023-11-22,156.57,157.0,156.19,156.96,156.96,1850080,0.01349518951378581,157.58800000000002,156.18400000000003,154.347,1634933.6,0
2023-11-23,155.19,155.73,151.02,154.06,154.06,2147812,-0.018476044852191675,157.178,156.03500000000003,154.8585,1728051.8,1
2023-11-24,155.15,156.96,154.81,155.21,155.21,1451348,0.007464624172400347,156.11800000000002,156.161,155.312,1578941.8,0
2023-11-27,153.4,154.08,152.74,153.12,153.12,1447568,-0.013465627214741316,154.844,156.08499999999998,155.703,1608974.4,1
2023-11-28,155.16,155.96,154.05,155.11,155.11,1884737,0.01299634273772221,154.892,156.04900000000004,156.0085,1756309.0,1
2023-11-29,156.15,156.96,154.62,155.14,155.14,2204303,0.00019341112758675116,154.52800000000002,156.058,156.08700000000002,1827153.6,0
2023-11-30,153.6,154.96,152.78,154.42,154.42,2614490,-0.0046409694469511376,154.6,155.889,156.03400000000002,1920489.2,0
2023-12-01,152.48,153.57,152.08,152.8,152.8,1531746,-0.010490869058412011,154.118,155.118,155.88150000000002,1936568.8,0
2023-12-04,152.74,153.03,149.32,152.14,152.14,939649,-0.0043193717277488775,153.922,154.383,155.5595,1834985.0,1
2023-12-05,150.26,153.17,148.15,153.17,153.17,1736876,0.006770080189299366,153.53400000000002,154.213,155.275,1805412.8,1
2023-12-06,153.64,154.23,153.42,153.92,153.92,934716,0.004896520206306709,153.29,153.909,155.04649999999998,1551495.4,1
2023-12-07,155.3,156.31,155.3,155.33,155.33,957943,0.009160602910603055,153.47199999999998,154.036,155.0355,1220186.0,1
2023-12-08,156.22,156.67,156.15,156.27,156.27,1787881,0.006051632009270502,154.166,154.142,155.1515,1271413.0,0
2023-12-11,155.07,156.33,154.22,155.02,155.02,1774993,-0.007998976131055269,154.74200000000002,154.33200000000002,155.20850000000002,1438481.8,1
2023-12-12,155.16,155.72,154.03,155.17,155.17,2378960,0.0009676170816668161,155.142,154.338,155.1935,1566898.6,1
2023-12-13,155.93,156.93,155.67,155.69,155.69,2049033,0.0033511632403171454,155.496,154.393,155.22549999999998,1789762.0,1
2023-12-14,155.58,156.73,155.27,156.68,156.68,1967905,0.006358789903012418,155.76600000000002,154.619,155.25400000000002,1991754.4,1
2023-12-15,157.38,158.48,155.08,157.38,157.38,2434577,0.004467704876180756,155.988,155.077,155.0975,2121093.6,0
2023-12-18,155.63,157.12,154.27,157.09,157.09,2736335,-0.0018426737831997997,156.402,155.57199999999997,154.97750000000002,2313362.0,0
2023-12-19,154.23,154.4,153.0,153.37,153.37,2498285,-0.02368069259660066,156.042,155.592,154.90249999999997,2337227.0,1
2023-12-20,153.99,154.28,153.49,153.61,153.61,1426154,0.0015648431896722048,155.626,155.561,154.73499999999999,2212651.2,1
2023-12-21,154.31,156.86,154.3,155.5,155.5,2602997,0.012303886465724778,155.39000000000001,155.57800000000003,154.807,2339669.6,1
2023-12-22,156.83,159.22,155.35,156.91,156.91,2873681,0.00906752411575562,155.296,155.642,154.892,2427490.4,0
2023-12-25,157.62,159.36,156.17,156.78,156.78,1735511,-0.0008285004142501995,155.234,155.818,155.075,2227325.6,1
2023-12-26,157.86,158.26,157.3,157.81,157.81,1714824,0.006569715524939346,156.122,156.08200000000002,155.20999999999998,2070633.4,0
2023-12-27,154.84,156.05,152.33,153.94,153.94,2455681,-0.02452316076294281,156.18800000000002,155.90699999999998,155.15,2276538.8,1
2023-12-28,155.97,157.29,155.12,156.9,156.9,2099905,0.019228270754839683,156.46800000000002,155.929,155.274,2175920.4,1
2023-12-29,159.68,160.03,158.31,158.87,158.87,1938645,0.012555768005098722,156.86,156.078,155.57750000000001,1988913.2,0
2024-01-01,157.15,160.94,154.77,154.97,154.97,2301059,-0.024548372883489655,156.498,155.866,155.719,2102022.8,1
2024-01-02,158.53,161.29,157.6,161.07,161.07,1046096,0.03936245724979015,157.15,156.63600000000002,156.114,1968277.2,0
2024-01-03,159.71,162.72,158.82,159.81,159.81,1332259,-0.00782268578878742,158.32399999999998,157.256,156.4085,1743592.8,1
2024-01-04,159.95,160.63,159.25,159.91,159.91,1356418,0.0006257430698954902,158.926,157.69699999999997,156.6375,1594895.4,0
2024-01-05,157.87,159.51,155.47,158.86,158.86,583922,-0.0065661934838345815,158.924,157.892,156.767,1323950.8,0
2024-01-08,156.36,157.12,155.64,156.21,156.21,1065129,-0.016681354651894797,159.17200000000003,157.835,156.82649999999998,1076764.8,0
2024-01-09,156.2,156.9,155.41,156.12,156.12,2017220,-0.0005761474937584499,158.18200000000002,157.666,156.874,1270989.6,0
2024-01-10,154.74,154.99,154.65,154.84,154.84,1828725,-0.008198821419420965,157.18800000000002,157.75600000000003,156.8315,1370282.8,0
2024-01-11,153.48,153.8,152.54,153.37,153.37,2078486,-0.009493670886075889,155.88,157.403,156.666,1514696.4,1
2024-01-12,152.24,155.57,150.5,154.73,154.73,2212744,0.008867444741474717,155.054,156.989,156.5335,1840460.8,0
2024-01-15,153.52,154.61,153.07,153.71,153.71,1608123,-0.006592128223356752,154.554,156.863,156.3645,1949059.6,1
2024-01-16,156.59,156.84,155.52,155.76,155.76,2158726,0.013336803070717496,154.48200000000003,156.332,156.484,1977360.8,0
2024-01-17,155.36,156.18,153.01,154.6,154.6,2160796,-0.007447354904982051,154.43400000000003,155.81099999999998,156.5335,2043775.0,0
2024-01-18,154.48,156.59,152.27,154.01,154.01,2101164,-0.003816300129366179,154.56199999999998,155.221,156.459,2048310.6,0
2024-01-19,154.13,156.93,152.94,153.52,153.52,2276520,-0.0031816115836632575,154.32,154.68699999999998,156.2895,2061065.8,1
2024-01-22,155.57,155.93,153.75,154.58,154.58,1907077,0.006904637832204186,154.494,154.524,156.17950000000002,2120856.6,0
2024-01-23,154.73,156.62,151.71,154.52,154.52,2071793,-0.0003881485315047062,154.246,154.364,156.01500000000001,2103470.0,0
2024-01-24,154.22,156.54,153.15,154.32,154.32,2520862,-0.0012943308309605328,154.19,154.31199999999998,156.034,2175483.2,1
2024-01-25,154.57,155.47,153.48,155.45,155.45,2427777,0.007322446863659904,154.478,154.52,155.9615,2240805.8,0
2024-01-26,154.98,156.97,153.3,153.74,153.74,1353429,-0.011000321646831623,154.522,154.421,155.70499999999998,2056187.6,1
2024-01-29,154.87,157.77,153.07,153.88,153.88,1858430,0.0009106283335500454,154.382,154.438,155.65050000000002,2046458.2,1
2024-01-30,154.29,155.59,153.94,153.97,153.97,2524353,0.0005848713283078677,154.272,154.259,155.2955,2136970.2,1
2024-01-31,154.49,155.44,153.74,155.31,155.31,1820985,0.008702994089757832,154.47,154.33,155.07049999999998,1996994.8,0
2024-02-01,154.69,154.82,153.88,154.25,154.25,2036340,-0.006825059558302815,154.23,154.35399999999998,154.7875,1918707.4,0
2024-02-02,153.8,153.85,151.13,153.78,153.78,2747469,-0.0030470016207455597,154.238,154.38000000000002,154.5335,2197515.4,1
2024-02-05,152.97,154.53,151.54,154.24,154.24,2423385,0.002991286253088976,154.31,154.346,154.435,2310506.4,0
2024-02-06,152.45,153.37,151.79,152.15,152.15,2235022,-0.01355031120331951,153.946,154.10899999999998,154.2365,2252640.2,1
2024-02-07,151.79,154.81,150.87,154.3,154.3,546505,0.014130791981597168,153.744,154.10700000000003,154.2095,1997744.2,0
2024-02-08,152.41,154.89,150.52,153.02,153.02,2054704,-0.0082955281918341,153.498,153.864,154.192,2001417.0,1
2024-02-09,154.58,154.85,154.32,154.46,154.46,1422818,0.009410534570644336,153.63400000000001,153.936,154.1785,1736486.8,0
2024-02-12,152.51,152.76,152.37,152.64,152.64,1792016,-0.011782985886313768,153.31400000000002,153.812,154.125,1610213.0,0
2024-02-13,151.3,152.09,150.8,151.96,151.96,1498891,-0.004454926624737787,153.276,153.61100000000002,153.935,1462986.8,0
2024-02-14,149.16,149.91,147.71,149.19,149.19,2257814,-0.018228481179257794,152.254,152.99900000000002,153.6645,1805248.6,1
2024-02-15,150.67,151.4,149.62,150.26,150.26,1401605,0.0071720624706750336,151.702,152.60000000000002,153.47700000000003,1674628.8,1
2024-02-16,152.28,155.07,151.66,153.25,153.25,2356161,0.0198988420071875,151.45999999999998,152.547,153.4635,1861297.4,1
2024-02-19,154.94,157.78,153.72,156.01,156.01,1813840,0.01800978792822172,152.134,152.724,153.535,1865662.2,1
2024-02-20,156.64,157.31,156.29,157.08,157.08,2639432,0.006858534709313746,153.158,153.217,153.66299999999998,2093770.4,0
2024-02-21,156.46,157.38,155.84,156.0,156.0,2450199,-0.006875477463712865,154.52,153.387,153.747,2132247.4,1
2024-02-22,158.2,160.07,155.57,158.64,158.64,2761619,0.01692307692307682,156.196,153.94899999999998,153.9065,2404250.2,1
2024-02-23,160.15,161.62,158.92,159.53,159.53,1474929,0.005610186585981003,157.452,154.456,154.196,2228003.8,1
2024-02-26,162.33,163.46,161.87,163.22,163.22,1506063,0.02313044568419742,158.894,155.51399999999998,154.663,2166448.4,0
2024-02-27,159.54,159.87,158.69,159.24,159.24,1464573,-0.024384266633990848,159.326,156.24200000000002,154.9265,1931476.6,0
2024-02-28,158.7,159.0,157.1,158.94,158.94,1372538,-0.0018839487565939228,159.914,157.21699999999998,155.108,1715944.4,1
2024-02-29,163.35,164.62,163.35,163.47,163.47,1165700,0.02850132125330318,160.88,158.53799999999998,155.569,1396760.6,1
2024-03-01,164.05,165.31,163.32,163.91,163.91,1633421,0.0026916253746864793,161.756,159.60399999999998,156.0755,1428459.0,1
2024-03-04,165.87,166.06,165.62,165.91,165.91,2183809,0.01220181807089249,162.294,160.594,156.659,1564008.2,0
2024-03-05,164.57,165.75,162.62,164.48,164.48,2718167,-0.008619130854077506,163.342,161.334,157.27550000000002,1814727.0,0
2024-03-06,163.37,166.59,162.22,162.8,162.8,2115722,-0.01021400778210102,164.11399999999998,162.01399999999998,157.7005,1963363.8,0
2024-03-07,162.98,164.4,161.54,161.88,161.88,2360567,-0.0056511056511057145,163.796,162.33800000000002,158.1435,2202337.2,0
2024-03-08,159.61,159.65,159.13,159.57,159.57,2039798,-0.014269829503335774,162.92799999999997,162.34199999999998,158.399,2283612.6,0
2024-03-11,158.64,158.68,155.22,157.32,157.32,2438227,-0.01410039481105474,161.20999999999998,161.752,158.63299999999998,2334496.2,0
2024-03-12,155.3,155.74,154.34,154.48,154.48,2709265,-0.01805237732011189,159.20999999999998,161.276,158.759,2332715.8,0
2024-03-13,154.5,155.02,152.64,153.6,153.6,1462343,-0.005696530295183799,157.36999999999998,160.74200000000002,158.9795,2202040.0,1
2024-03-14,156.29,157.53,155.67,156.84,156.84,2108312,0.021093750000000133,156.362,160.079,159.30849999999998,2151589.0,1
2024-03-15,157.76,159.43,156.92,158.17,158.17,2180830,0.008479979597041387,156.08200000000002,159.505,159.5545,2179795.4,1
2024-03-18,161.05,161.79,158.25,160.43,160.43,1819268,0.014288423847758969,156.704,158.95700000000002,159.77550000000002,2056003.6,0
2024-03-19,160.68,162.26,158.88,159.17,159.17,3160020,-0.007853892663467033,157.642,158.426,159.88,2146154.6,1
2024-03-20,163.76,164.83,161.68,164.26,164.26,1998798,0.03197838788716467,159.77399999999997,158.572,160.293,2253445.6,0
2024-03-21,161.99,163.34,160.51,163.06,163.06,1227135,-0.007305491294289479,161.018,158.69,160.514,2077210.2,1
2024-03-22,165.44,166.77,163.18,165.48,165.48,1317087,0.014841162762173399,162.48000000000002,159.281,160.8115,1904461.6,0
2024-03-25,166.19,169.17,165.01,165.1,165.1,1878659,-0.002296350012086057,163.414,160.059,160.90550000000002,1916339.8,0
2024-03-26,164.53,165.79,162.87,163.84,163.84,1517647,-0.007631738340399652,164.348,160.995,161.1355,1587865.2,1
2024-03-27,164.7,167.32,163.59,164.52,164.52,1931502,0.004150390625,164.4,162.087,161.4145,1574406.0,0
2024-03-28,163.09,163.23,162.54,162.58,162.58,2039288,-0.011791879406759076,164.304,162.661,161.37,1736836.6,0
2024-03-29,161.59,163.17,159.73,160.12,160.12,1156327,-0.015131012424652535,163.232,162.856,161.1805,1704684.6,1
2024-04-01,161.49,164.04,159.68,161.61,161.61,1737060,0.009305520859355543,162.53400000000002,162.97400000000002,160.9655,1676364.8,1
2024-04-02,162.4,162.61,162.28,162.48,162.48,1402353,0.005383330239465245,162.262,163.305,160.8655,1653306.0,1
2024-04-03,163.42,164.78,162.83,163.59,163.59,2252982,0.006831610044313319,162.07600000000002,163.238,160.90500000000003,1717602.0,1
2024-04-04,166.53,168.51,166.17,166.98,166.98,2513493,0.02072253805244806,162.956,163.63000000000002,161.16000000000003,1812443.0,1
2024-04-05,169.46,169.67,168.12,169.53,169.53,1211501,0.01527128997484728,164.83800000000002,164.03500000000003,161.658,1823477.8,0
2024-04-08,168.72,168.85,165.39,165.67,165.67,1307006,-0.022768831475255213,165.65,164.09199999999998,162.0755,1737467.0,1
2024-04-09,167.2,167.27,165.81,166.73,166.73,2245714,0.006398261604394273,166.5,164.381,162.68800000000002,1906139.2,1
2024-04-10,167.53,167.7,166.8,167.32,167.32,733876,0.003538655310981742,167.246,164.661,163.37399999999997,1602318.0,1
2024-04-11,168.27,170.59,168.13,170.47,170.47,1662532,0.01882620129093948,167.94400000000002,165.45,164.0555,1432125.8,1
2024-04-12,173.51,174.96,172.56,174.0,174.0,1926487,0.020707455857335688,168.83800000000002,166.838,164.847,1575123.0,0
2024-04-15,175.2,175.71,172.66,172.8,172.8,2212921,-0.006896551724137834,170.26399999999998,167.95700000000002,165.46550000000002,1756306.0,0
2024-04-16,170.09,171.9,169.66,171.51,171.51,2692266,-0.0074652777777779455,171.21999999999997,168.86,166.0825,1845616.4,1
2024-04-17,173.56,176.21,170.53,175.97,175.97,3136217,0.026004314617223523,172.95,170.098,166.66799999999998,2326084.6,0
2024-04-18,177.76,180.03,175.47,175.74,175.74,2146357,-0.0013070409728930255,174.004,170.974,167.302,2422849.6,1
2024-04-19,177.96,180.7,177.72,179.71,179.71,1944245,0.02259019005348817,175.14600000000002,171.992,168.0135,2426401.2,0
2024-04-22,178.29,179.03,177.44,177.52,177.52,1372432,-0.012186300150242024,176.09,173.177,168.6345,2258303.4,0
2024-04-23,173.33,177.45,172.75,176.7,176.7,2009409,-0.004619197836863598,177.12800000000001,174.174,169.27749999999997,2121732.0,1
2024-04-24,178.64,182.03,178.36,181.88,181.88,2511765,0.029315223542727864,178.31,175.63000000000002,170.1455,1996841.6,1
2024-04-25,184.89,185.79,183.37,183.56,183.56,1954300,0.009236859467780967,179.874,176.93900000000002,171.1945,1958430.2,1
2024-04-26,183.58,185.53,182.26,185.49,185.49,1357707,0.010514273262148599,181.03,178.08800000000002,172.46300000000002,1841122.6,1
2024-04-29,186.03,186.65,184.15,185.54,185.54,2576795,0.0002695563103132237,182.634,179.362,173.6595,2081995.2,1
2024-04-30,186.26,191.11,185.59,187.44,187.44,1967907,0.010240379433006375,184.782,180.95499999999998,174.9075,2073694.8,1
2024-05-01,188.49,190.22,186.36,187.88,187.88,1836491,0.0023474178403755097,185.982,182.146,176.12199999999999,1938640.0,1
2024-05-02,188.61,189.62,187.64,188.58,188.58,2967577,0.0037257824143070994,186.98600000000002,183.43,177.202,2141295.4,0
2024-05-03,185.27,186.2,184.63,185.93,185.93,1749107,-0.014052391557959565,187.074,184.052,178.022,2219575.4,0
2024-05-06,185.26,185.37,184.33,184.68,184.68,1733199,-0.006722960253858989,186.902,184.768,178.9725,2050856.2,1
2024-05-07,187.11,189.36,186.58,188.81,188.81,1602221,0.022363006281134856,187.176,185.97899999999998,180.07649999999998,1977719.0,1
2024-05-08,191.63,195.88,190.67,195.86,195.86,753364,0.03733912398707706,188.772,187.377,181.5035,1761093.6,0
2024-05-09,194.63,196.58,194.08,194.47,194.47,1709108,-0.00709690595323198,189.95,188.46800000000002,182.70350000000002,1509399.8,0
2024-05-10,192.95,196.94,189.42,193.88,193.88,1474345,-0.003033886974854738,191.54000000000002,189.307,183.6975,1454447.4,1
2024-05-13,193.25,198.21,190.62,194.95,194.95,2339473,0.005518877656282228,193.594,190.248,184.805,1575702.2,0
2024-05-14,194.06,194.38,193.42,193.67,193.67,2725500,-0.006565786098999715,194.56599999999997,190.871,185.913,1800358.0,1
2024-05-15,197.72,199.02,196.08,197.88,197.88,1444209,0.02173800795167047,194.96999999999997,191.871,187.00849999999997,1938527.0,0
2024-05-16,196.79,199.87,196.11,197.19,197.19,3255778,-0.003486961795027277,195.51399999999998,192.732,188.081,2247861.0,0
2024-05-17,196.74,198.7,194.95,195.04,195.04,2320271,-0.010903189816927839,195.74599999999998,193.64299999999997,188.8475,2417046.2,1
2024-05-20,194.94,197.48,194.49,196.13,196.13,1621618,0.005588597210828494,195.982,194.788,189.778,2273475.2,0
2024-05-21,191.76,191.84,191.67,191.67,191.67,2114537,-0.02274001937490444,195.58200000000002,195.074,190.5265,2151282.6,1
2024-05-22,193.13,194.88,192.56,194.3,194.3,2655991,0.01372150049564369,194.86599999999999,194.91799999999998,191.14749999999998,2393639.0,1
2024-05-23,196.05,197.17,194.5,195.03,195.03,1592312,0.003757076685537708,194.434,194.974,191.721,2060945.8,0
2024-05-24,198.11,200.75,194.31,194.83,194.83,1388552,-0.001025483258985771,194.392,195.06900000000002,192.188,1874602.0,0
2024-05-27,193.56,194.95,190.54,194.12,194.12,2534189,-0.0036442026381974246,193.99,194.98600000000002,192.61700000000002,2057116.2,1
2024-05-28,199.2,202.14,196.69,201.77,201.77,2573220,0.03940861322893063,196.01,195.796,193.33350000000002,2148852.8,0
2024-05-29,201.69,202.25,200.78,201.1,201.1,3024906,-0.003320612578678772,197.37,196.118,193.99450000000002,2222635.8,1
2024-05-30,202.68,204.28,201.1,202.4,202.4,2540992,0.006464445549478004,198.844,196.639,194.6855,2412371.8,1
2024-05-31,203.35,205.39,201.93,204.58,204.58,1507098,0.010770750988142286,200.794,197.59300000000002,195.618,2436081.0,1
2024-06-03,206.73,208.58,203.89,206.26,206.26,2175739,0.008211946426825545,203.222,198.606,196.697,2364391.0,0
2024-06-04,201.89,204.5,200.35,201.31,201.31,1228599,-0.023998836420052294,203.13000000000002,199.57,197.322,2095466.8,1
2024-06-05,201.87,203.15,201.4,202.72,202.72,2372092,0.007004122994386686,203.454,200.412,197.66500000000002,1964904.0,0
2024-06-06,198.86,198.9,197.41,197.57,197.57,1594499,-0.025404498816101073,202.488,200.666,197.82,1775605.4,0
2024-06-07,196.98,197.4,195.44,197.12,197.12,1784437,-0.0022776737358910504,200.996,200.895,197.98200000000003,1831073.2,1
2024-06-10,197.39,198.05,197.11,197.75,197.75,2003589,0.003196022727272707,199.294,201.25799999999998,198.122,1796643.2,1
2024-06-11,196.0,200.34,195.3,199.34,199.34,1635961,0.008040455120101209,198.9,201.015,198.4055,1878115.6,1
2024-06-12,199.89,202.3,198.34,201.55,201.55,1928926,0.011086585732918763,198.666,201.06,198.589,1789482.4,1
2024-06-13,203.97,205.75,201.64,205.23,205.23,2410079,0.018258496650954914,200.198,201.343,198.991,1952598.4,1
2024-06-14,208.73,209.46,206.54,207.03,207.03,2089347,0.008770647566145318,202.18,201.58800000000002,199.59050000000002,2013580.4,1
2024-06-17,209.56,211.34,204.35,207.57,207.57,2132387,0.002608317635125257,204.144,201.719,200.1625,2039340.0,1
2024-06-18,208.75,209.99,208.09,209.68,209.68,2609097,0.010165245459363259,206.212,202.55599999999998,201.06300000000002,2233967.2,1
2024-06-19,212.63,213.3,211.41,212.18,212.18,2166303,0.01192293017932089,208.33800000000002,203.502,201.957,2281442.6,0
2024-06-20,212.66,215.6,210.97,212.12,212.12,1929812,-0.0002827787727401887,209.71599999999998,204.95700000000002,202.8115,2185389.2,0
2024-06-21,211.33,214.19,210.44,211.82,211.82,2019723,-0.001414293795964583,210.67399999999998,206.427,203.661,2171464.4,1
2024-06-24,207.74,213.39,205.78,212.48,212.48,3621546,0.0031158530828061526,211.656,207.9,204.579,2469296.2,1
2024-06-25,214.54,214.77,212.4,213.39,213.39,2851586,0.004282756024096335,212.398,209.305,205.16,2517794.0,1
2024-06-26,214.06,215.15,213.02,214.4,214.4,1400151,0.004733117765593597,212.842,210.58999999999997,205.825,2364563.6,0
2024-06-27,213.74,215.51,209.42,213.05,213.05,2072531,-0.0062966417910447214,213.02800000000002,211.372,206.3575,2393107.4,0
2024-06-28,213.09,213.58,211.77,211.87,211.87,1814708,-0.0055386059610420535,213.038,211.856,206.72199999999998,2352104.4,0
2024-07-01,208.94,210.03,208.27,209.02,209.02,2084029,-0.013451644876575242,212.346,212.00099999999998,206.85999999999999,2044601.0,0
2024-07-02,206.88,209.43,203.8,207.3,207.3,1707036,-0.008228877619366526,211.12800000000001,211.763,207.15950000000004,1815691.0,1
2024-07-03,210.24,211.19,208.79,210.41,210.41,1015538,0.01500241196333807,210.33,211.586,207.544,1738768.4,1
2024-07-04,211.66,212.11,208.48,212.07,212.07,2161041,0.00788935887077602,210.13400000000001,211.581,208.269,1756470.4,0
2024-07-05,210.34,212.07,209.86,211.75,211.75,2008806,-0.0015089357287687566,210.10999999999999,211.57399999999998,209.00050000000002,1795290.0,1
2024-07-08,210.87,213.86,209.78,213.12,213.12,2500912,0.00646989374262108,210.93,211.638,209.769,1878666.6,0
2024-07-09,210.93,212.53,207.19,209.42,209.42,2235771,-0.01736111111111116,211.35399999999998,211.24100000000004,210.273,1984413.6,0
2024-07-10,209.75,209.79,207.83,208.48,208.48,1924839,-0.004488587527456733,210.968,210.64899999999997,210.61950000000002,2166273.8,0
2024-07-11,205.97,208.38,205.01,205.42,205.42,1724724,-0.01467766692248662,209.638,209.88600000000002,210.629,2079010.4,0
2024-07-12,205.16,206.16,204.2,205.27,205.27,2293082,-0.0007302112744619338,208.342,209.22599999999997,210.54100000000003,2135865.6,1
2024-07-15,205.37,205.86,205.35,205.75,205.75,1837194,0.0023383835923418417,206.868,208.89899999999997,210.45,2003122.0,0
2024-07-16,203.26,204.99,200.29,202.14,202.14,1391358,-0.017545565006075403,205.41199999999998,208.38299999999998,210.073,1834239.4,0
2024-07-17,200.49,201.52,200.42,201.3,201.3,1015747,-0.004155535767289886,203.976,207.47199999999998,209.529,1652421.0,1
2024-07-18,204.72,205.06,202.28,202.52,202.52,1367750,0.0060606060606061,203.39600000000002,206.517,209.04900000000004,1581026.2,0
2024-07-19,199.93,200.18,199.14,200.13,200.13,1407984,-0.01180130357495568,202.368,205.35500000000002,208.4645,1404006.6,0
2024-07-22,199.43,202.05,198.3,199.59,199.59,1411913,-0.0026982461400089086,201.136,204.002,207.82,1318950.4,1
2024-07-23,202.44,203.41,202.03,202.46,202.46,1735851,0.014379477929755913,201.2,203.30599999999998,207.2735,1387849.0,1
2024-07-24,203.7,204.3,201.49,203.78,203.78,1515977,0.006519806381507509,201.696,202.836,206.7425,1487895.0,0
2024-07-25,202.21,203.65,200.23,202.29,202.29,1314128,-0.007311806850525127,201.65,202.523,206.2045,1477170.6,1
2024-07-26,204.12,205.11,203.03,204.01,204.01,1737668,0.008502644717979235,202.426,202.397,205.81149999999997,1543107.4,1
2024-07-29,207.16,209.45,206.4,208.26,208.26,1924350,0.02083231214156167,204.16,202.648,205.7735,1645594.8,0
2024-07-30,204.76,205.86,204.22,205.71,205.71,1996477,-0.012244309997118896,204.81,203.00500000000002,205.69400000000002,1697720.0,1
2024-07-31,204.73,206.22,204.07,205.97,205.97,2826808,0.0012639152204558801,205.248,203.47199999999998,205.47199999999998,1959886.2,1
2024-08-01,212.57,213.57,211.66,213.41,213.41,1451315,0.03612176530562694,207.47200000000004,204.56099999999998,205.539,1987323.6,0
2024-08-02,210.27,212.78,208.27,208.5,208.5,2121502,-0.02300735673117471,208.36999999999998,205.398,205.3765,2064090.4,0
2024-08-05,204.77,206.29,203.06,206.03,206.03,1078103,-0.01184652278177456,207.92400000000004,206.042,205.02200000000002,1894841.0,0
2024-08-06,204.98,206.08,200.48,205.58,205.58,1918938,-0.0021841479396204067,207.898,206.35399999999998,204.83,1879333.2,1
2024-08-07,207.96,209.08,205.74,207.19,207.19,1803473,0.007831501118785722,208.142,206.695,204.7655,1674666.2,1
2024-08-08,211.13,212.63,210.22,211.17,211.17,2189819,0.019209421304116958,207.69400000000002,207.583,205.05300000000003,1822367.0,0
2024-08-09,209.84,211.0,205.77,209.69,209.69,2662716,-0.0070085712932708155,207.93200000000002,208.15099999999998,205.27400000000003,1930609.8,0
2024-08-12,209.43,210.98,206.47,207.79,207.79,2109267,-0.009060994801850408,208.28400000000002,208.10399999999998,205.37600000000003,2136842.6,1
2024-08-13,211.12,212.99,205.66,212.24,212.24,2927751,0.021415852543433367,209.61599999999999,208.75699999999998,205.881,2338605.2,0
2024-08-14,211.74,215.15,211.19,211.19,211.19,1831806,-0.0049472295514512155,210.416,209.279,206.37550000000002,2344271.8,0
2024-08-15,209.47,209.85,206.92,207.37,207.37,2335765,-0.018087977650456888,209.656,208.675,206.618,2373461.0,1
2024-08-16,210.81,212.41,210.68,211.27,211.27,2194156,0.018806963398755983,209.97200000000004,208.952,207.175,2279749.0,1
2024-08-19,211.08,213.21,209.92,211.89,211.89,1701512,0.0029346334074880076,210.792,209.538,207.79000000000002,2198198.0,0
2024-08-20,208.49,210.4,207.37,207.92,207.92,2214093,-0.018736136674689652,209.92800000000003,209.77200000000002,208.06300000000002,2055466.4,0
2024-08-21,206.15,206.79,202.36,205.18,205.18,1709675,-0.013178145440553957,208.72600000000003,209.571,208.13299999999998,2031040.2,0
2024-08-22,204.36,204.85,202.08,203.92,203.92,2093208,-0.006140949410273988,208.036,208.846,208.2145,1982528.8,1
2024-08-23,204.35,205.03,204.01,204.55,204.55,1695886,0.003089446841898935,206.692,208.33199999999997,208.2415,1882874.8,0
2024-08-26,205.56,209.44,201.41,202.75,202.75,2645322,-0.008799804448790027,204.86399999999998,207.82799999999997,207.96599999999998,2071636.8,0
2024-08-27,201.17,201.33,200.92,201.16,201.16,2284051,-0.00784217016029598,203.512,206.71999999999997,207.73850000000002,2085628.4,0
2024-08-28,202.83,206.16,196.44,199.69,199.69,1438252,-0.007307615828196501,202.414,205.57,207.4245,2031343.8,0
2024-08-29,198.46,199.49,197.45,197.63,197.63,2961722,-0.01031598978416548,201.156,204.596,206.6355,2205046.6,0
2024-08-30,193.54,194.45,189.71,194.13,194.13,2375549,-0.017709861863077436,199.07199999999997,202.882,205.917,2340979.2,1
2024-09-02,195.73,198.04,194.04,194.19,194.19,961094,0.000309071240921055,197.35999999999999,201.112,205.325,2004133.6,1
2024-09-03,197.07,197.78,195.36,197.71,197.71,1984398,0.018126577063700466,196.67000000000002,200.091,204.9315,1944203.0,1
2024-09-04,200.83,201.03,197.62,199.09,199.09,1755863,0.006979920084972946,196.55,199.482,204.5265,2007725.2,0
2024-09-05,199.76,202.57,197.79,197.97,197.97,2099340,-0.005625596463910809,196.618,198.887,203.8665,1835248.8,0
2024-09-06,198.71,199.74,195.57,195.74,195.74,3084968,-0.011264332979744385,196.94,198.006,203.169,1977132.6,0
2024-09-09,190.74,192.24,189.45,190.47,190.47,1840881,-0.026923469909063136,196.196,196.778,202.303,2153090.0,0
2024-09-10,190.06,190.59,188.12,189.85,189.85,2431111,-0.0032551057909382397,194.624,195.647,201.18349999999998,2242432.6,0
2024-09-11,186.34,191.63,184.83,186.99,186.99,2478351,-0.015064524624703646,192.204,194.377,199.9735,2386930.2,0
2024-09-12,187.75,189.49,183.61,185.08,185.08,2466217,-0.010214449970586625,189.62600000000003,193.122,198.85899999999998,2460305.6,1
2024-09-13,185.99,191.23,185.8,189.07,189.07,2196653,0.02155824508320725,188.292,192.616,197.749,2282642.6,0
2024-09-16,188.27,188.51,186.94,187.13,187.13,2731097,-0.010260749986777395,187.624,191.91,196.51100000000002,2460685.8,1
2024-09-17,189.36,189.81,187.94,189.1,189.1,2139633,0.010527440816544553,187.474,191.049,195.57,2402390.2,0
2024-09-18,187.28,188.71,185.17,186.23,186.23,2286003,-0.015177154944473803,187.32199999999997,189.763,194.6225,2363920.6,0
2024-09-19,182.72,182.99,181.91,182.26,182.26,2056570,-0.021317725393330877,186.75799999999998,188.192,193.5395,2281991.2,0
2024-09-20,181.0,181.53,180.35,181.26,181.26,2839337,-0.005486667398222345,185.196,186.744,192.375,2410528.0,0
2024-09-23,181.88,182.28,180.31,181.08,181.08,2039900,-0.0009930486593842103,183.986,185.805,191.29149999999998,2272288.6,0
2024-09-24,181.21,181.51,180.45,180.84,180.84,1943259,-0.001325381047051044,182.334,184.904,190.27550000000002,2233013.8,1
2024-09-25,183.27,185.16,182.18,184.38,184.38,1705052,0.019575315195753173,181.964,184.643,189.51,2116823.6,1
2024-09-26,183.08,184.88,181.09,184.81,184.81,2675536,0.0023321401453519908,182.474,184.61599999999999,188.86899999999997,2240616.8,1
2024-09-27,185.52,185.97,184.97,185.84,185.84,2678291,0.005573291488555787,183.39,184.293,188.4545,2208407.6,0
2024-09-30,183.18,184.26,180.58,182.82,182.82,2814821,-0.016250538097288048,183.738,183.86200000000002,187.88600000000002,2363391.8,1
2024-10-01,182.04,185.48,181.21,182.92,182.92,1480096,0.0005469861065527937,184.154,183.244,187.1465,2270759.2,0
2024-10-02,181.86,184.93,180.04,182.09,182.09,1632399,-0.004537502733435339,183.696,182.82999999999998,186.29649999999998,2256228.6,0
2024-10-03,183.15,183.16,181.19,181.27,181.27,2635946,-0.004503267614915707,182.988,182.731,185.4615,2248310.6,0
2024-10-04,181.33,181.45,176.41,181.0,181.0,2309443,-0.0014894908148066488,182.02,182.70499999999998,184.72449999999998,2174541.0,1
2024-10-07,183.18,183.75,180.39,181.69,181.69,684634,0.003812154696132497,181.794,182.76600000000002,184.2855,1748503.6,1
2024-10-08,180.93,184.91,178.54,184.13,184.13,2263268,0.013429467774781267,182.036,183.095,183.9995,1905138.0,0
2024-10-09,182.5,182.65,182.47,182.52,182.52,2239913,-0.008743822299462245,182.122,182.909,183.776,2026640.8,1
2024-10-10,183.39,185.13,182.28,182.65,182.65,2493188,0.0007122507122507837,182.398,182.693,183.6545,1998089.2,0
2024-10-11,179.19,179.48,178.33,179.41,179.41,1516876,-0.017738844785108232,182.07999999999998,182.05,183.17149999999998,1839575.8,0
2024-10-14,178.11,178.29,176.37,177.73,177.73,2139174,-0.009364026531408554,181.288,181.541,182.7015,2130483.8,0
2024-10-15,175.78,176.81,174.94,175.81,175.81,2179737,-0.01080290328025646,179.62399999999997,180.82999999999998,182.03699999999998,2113777.6,1
2024-10-16,178.04,178.32,176.37,177.42,177.42,806535,0.00915761333257481,178.60399999999998,180.363,181.5965,1827102.0,0
2024-10-17,178.92,181.72,173.54,175.82,175.82,2285589,-0.009018149024912603,177.238,179.818,181.27450000000002,1785582.2,1
2024-10-18,175.42,176.61,172.67,176.61,176.61,2055267,0.004493231714253421,176.678,179.379,181.04199999999997,1893260.4,0
2024-10-21,176.92,181.97,175.41,175.98,175.98,1436973,-0.003567181926278362,176.328,178.808,180.78699999999998,1752820.2,1
2024-10-22,176.59,178.09,176.33,176.34,176.34,2022745,0.002045687009887498,176.434,178.029,180.56199999999998,1721421.8,1
2024-10-23,180.12,180.99,179.54,180.31,180.31,1098068,0.022513326528297517,177.012,177.80800000000002,180.3585,1779728.4,0
2024-10-24,178.65,183.14,178.58,179.61,179.61,2934408,-0.0038822028728300317,177.77,177.504,180.0985,1909492.2,1
2024-10-25,180.49,180.5,177.65,179.85,179.85,2677786,0.0013362284950726444,178.418,177.548,179.799,2033996.0,0
2024-10-28,177.47,178.98,174.08,177.91,177.91,2726637,-0.01078676675006951,178.804,177.56599999999997,179.55349999999999,2291928.8,0
2024-10-29,174.56,176.12,173.53,174.11,174.11,2349344,-0.021359114158844283,178.358,177.39600000000002,179.113,2357248.6,1
2024-10-30,172.67,177.69,171.65,177.49,177.49,2537671,0.019413014760783387,177.794,177.40300000000002,178.883,2645169.2,1
2024-10-31,178.05,179.99,177.63,179.33,179.33,2517721,0.010366781227111321,177.738,177.754,178.786,2561831.8,1
2024-11-01,178.22,182.25,176.62,181.5,181.5,2379757,0.01210059666536556,178.068,178.243,178.811,2502226.0,1
2024-11-04,181.13,182.03,180.6,181.58,181.58,1002234,0.0004407713498624233,178.80200000000002,178.803,178.8055,2157345.4,0
2024-11-05,180.79,183.64,178.59,180.18,180.18,989100,-0.00771010023130303,180.01600000000002,179.187,178.608,1885296.6,0
2024-11-06,179.01,180.74,178.89,179.71,179.71,2181985,-0.0026085026085026497,180.46,179.127,178.4675,1814159.4,1
2024-11-07,180.06,181.46,178.06,180.49,180.49,1610453,0.0043403260809080635,180.692,179.215,178.3595,1632705.8,0
2024-11-08,179.85,180.18,177.13,177.78,177.78,2302803,-0.015014682253864486,179.948,179.008,178.278,1617315.0,1
2024-11-11,179.8,180.59,179.18,180.52,180.52,2603304,0.015412307346158283,179.73600000000002,179.269,178.4175,1937529.0,0
2024-11-12,177.26,177.48,175.51,175.93,175.93,1603738,-0.025426545535120804,178.88600000000002,179.451,178.42350000000002,2060456.6,0
2024-11-13,176.11,177.14,173.92,175.18,175.18,1684987,-0.004263059171261352,177.98000000000002,179.22,178.3115,1961057.0,1
2024-11-14,175.48,176.29,175.4,176.09,176.09,1127146,0.005194656924306429,177.1,178.89600000000002,178.325,1864395.6,0
2024-11-15,176.37,178.83,174.52,175.87,175.87,2077246,-0.0012493611221534584,176.71800000000002,178.33300000000003,178.288,1819284.2,0
2024-11-18,175.54,175.73,173.4,175.18,175.18,1461660,-0.003923352476260855,175.65,177.693,178.248,1590955.4,0
2024-11-19,174.97,175.78,171.84,174.71,174.71,2340681,-0.002682954675191196,175.406,177.14600000000002,178.16649999999998,1738344.0,1
2024-11-20,175.01,175.36,174.18,174.85,174.85,1677213,0.0008013279148302299,175.33999999999997,176.66000000000003,177.89350000000002,1736789.2,0
2024-11-21,171.59,173.06,168.49,172.56,172.56,2974171,-0.01309694023448671,174.63400000000001,175.86700000000002,177.541,2106194.2,0
2024-11-22,172.31,172.35,172.23,172.27,172.27,1208911,-0.001680574872508056,173.91400000000002,175.316,177.162,1932527.2,0
2024-11-25,169.97,171.93,168.53,170.11,170.11,2202106,-0.012538457073199005,172.9,174.275,176.77200000000002,2080616.4,1
2024-11-26,171.1,171.66,170.09,170.27,170.27,2340110,0.0009405678678502394,172.012,173.709,176.58,2080502.2,1
2024-11-27,171.91,175.11,170.22,172.46,172.46,1737184,0.01286192517765894,171.53400000000002,173.43699999999998,176.3285,2092496.4,0
2024-11-28,171.33,171.71,168.35,170.18,170.18,1726979,-0.013220456917546142,171.058,172.846,175.871,1843058.0,0
2024-11-29,169.21,170.06,168.47,168.63,168.63,814170,-0.009108003290633548,170.33,172.122,175.22750000000002,1764109.8,1
2024-12-02,170.86,172.18,170.59,171.59,171.59,2088094,0.017553223032675147,170.626,171.763,174.728,1741307.4,0
2024-12-03,170.18,171.16,169.93,170.68,170.68,2257441,-0.005303339355440251,170.70800000000003,171.36,174.25300000000001,1724773.6,1
2024-12-04,171.94,172.85,170.49,171.3,171.3,1321241,0.0036325287086946823,170.476,171.005,173.8325,1641585.0,1
2024-12-05,171.29,172.6,170.42,172.54,172.54,2243652,0.0072387624051371,170.948,171.003,173.435,1744919.6,0
2024-12-06,171.94,172.54,171.73,171.76,171.76,2423441,-0.004520690854294629,171.57399999999998,170.952,173.13400000000001,2066773.8,0
2024-12-09,171.9,172.54,168.72,168.93,168.93,1470779,-0.016476478807638473,171.042,170.834,172.55450000000002,1943310.8,0
2024-12-10,167.16,168.18,166.72,166.82,166.82,1025219,-0.012490380631030695,170.26999999999998,170.48899999999998,172.099,1696866.4,1
2024-12-11,167.14,170.81,166.58,169.46,169.46,2627701,0.015825440594652962,169.902,170.189,171.81300000000002,1958158.4,0
2024-12-12,168.73,170.64,168.14,168.24,168.24,1577837,-0.0071993390770683785,169.042,169.995,171.4205,1824995.4,1
2024-12-13,169.53,169.74,167.89,168.74,168.74,2113342,0.002971944840703733,168.43800000000002,170.006,171.06400000000002,1762975.6,0
2024-12-16,167.34,168.5,165.37,168.12,168.12,1863727,-0.0036742918098850996,168.276,169.65900000000002,170.711,1841565.2,0
2024-12-17,165.72,166.07,163.77,164.56,164.56,1560868,-0.021175350939804938,167.824,169.047,170.20350000000002,1948695.0,1
2024-12-18,165.43,167.91,164.61,165.22,165.22,1751213,0.00401069518716568,166.97600000000003,168.43900000000002,169.722,1773397.4,0
2024-12-19,164.29,164.44,163.31,164.24,164.24,1421441,-0.005931485292337446,166.17600000000002,167.609,169.30599999999998,1742118.2,0
2024-12-20,160.61,161.68,158.7,160.91,160.91,2924681,-0.020275207014125773,164.61,166.524,168.738,1904386.0,0
2024-12-23,161.07,162.47,160.51,160.77,160.77,2425039,-0.0008700515816294496,163.14000000000001,165.708,168.27100000000002,2016648.4,1
2024-12-24,161.28,161.9,160.76,161.46,161.46,2641908,0.0042918454935623185,162.52,165.172,167.83049999999997,2232856.4,1
2024-12-25,163.62,164.67,162.89,163.39,163.39,1302752,0.011953424996903106,162.15400000000002,164.565,167.377,2143164.2,0
2024-12-26,162.29,162.76,160.92,161.35,161.35,2276694,-0.01248546422669683,161.57599999999996,163.876,166.9355,2314214.8,1
2024-12-27,162.03,162.78,161.43,162.45,162.45,2440573,0.0068174775333127435,161.884,163.247,166.6265,2217393.2,1
2024-12-30,163.1,164.66,162.14,163.86,163.86,1770680,0.008679593721145018,162.502,162.821,166.24,2086521.4,1
2024-12-31,165.95,166.79,162.87,164.46,164.46,1520610,0.0036616623947272053,163.102,162.81099999999998,165.929,1862261.8,0
2025-01-01,160.76,161.42,160.42,161.32,161.32,2189702,-0.019092788520004955,162.688,162.421,165.43,2039651.8,0
2025-01-02,160.36,160.43,159.57,160.39,160.39,1406503,-0.005764939251177825,162.49599999999998,162.036,164.82250000000002,1865613.6,1
2025-01-03,160.29,161.79,160.0,161.42,161.42,1543594,0.006421846748550397,162.29000000000002,162.08700000000002,164.3055,1686217.8,1
2025-01-06,161.37,163.54,159.33,161.59,161.59,2590064,0.0010531532647752861,161.83599999999998,162.16899999999998,163.9385,1850094.6,0
2025-01-07,160.26,161.49,160.18,161.34,161.34,1724509,-0.001547125440930719,161.212,162.157,163.6645,1890874.4,1
2025-01-08,162.74,164.51,160.79,164.44,164.44,2371229,0.01921408206272468,161.836,162.262,163.4135,1927179.8,1
2025-01-09,164.27,164.77,163.91,164.45,164.45,2383121,6.08124543906019e-05,162.648,162.572,163.224,2122503.4,0
2025-01-10,159.88,161.59,158.65,161.4,161.4,2185105,-0.01854667072058369,162.64399999999998,162.467,162.857,2250805.6,1
2025-01-13,161.71,161.81,161.05,161.53,161.53,1884465,0.0008054522924412222,162.632,162.23399999999998,162.5275,2109685.8,0
2025-01-14,162.16,164.51,159.84,160.53,160.53,1731177,-0.006190800470500801,162.47,161.841,162.326,2111019.4,0
2025-01-15,159.33,162.07,157.9,157.97,157.97,2109651,-0.01594717498286924,161.17600000000002,161.506,161.9635,2058703.8,1
2025-01-16,158.46,159.55,157.13,158.73,158.73,2726058,0.004811040070899386,160.03199999999998,161.34,161.68800000000002,2127291.2,0
2025-01-17,157.8,158.27,156.52,157.18,157.18,1707772,-0.009765009765009713,159.18800000000002,160.916,161.50150000000002,2031824.6,0
2025-01-20,155.94,155.99,155.78,155.87,155.87,1716802,-0.008334393688764541,158.056,160.344,161.25650000000002,1998292.0,1
2025-01-21,156.84,158.39,156.83,158.14,158.14,2392001,0.014563418233142889,157.578,160.02399999999997,161.0905,2130456.8,1
2025-01-22,158.81,160.03,157.94,158.7,158.7,1693206,0.003541166055393896,157.724,159.45,160.856,2047167.8,1
2025-01-23,159.72,163.19,159.71,162.55,162.55,2079044,0.02425960932577209,158.488,159.26,160.916,1917765.0,1
2025-01-24,163.15,164.66,162.78,163.55,163.55,2817533,0.006151953245155273,159.762,159.475,160.971,2139717.2,0
